"id","name_ko","name_en","asset_class","subcategory","family_id","venue_code","underlying_symbol","trading_class","currency","size_tier","record_type","quality_status","classification_basis","featured","search_keywords","source_id","enrichment_source_id","as_of_date","alias_of","notes_ko"
"ibkr:IPE:COIL","브렌트 원유 · ICE","ICE BRENT CRUDE","energy","energy_crude","brent","IPE","COIL","COIL","USD","standard","exchange_product","source_listed","manual","true","브렌트 원유 · ICE|ICE BRENT CRUDE|IPE|COIL|brent|에너지|원유|브렌트유|북해|Brent|crude","IBKR_MARGIN_20260924","","2026-09-24","",""
"ibkr:IPE:WTI","WTI 원유 · ICE","WEST TEXAS INTERMEDIATE LIGHT SWEET CRUDE OIL","energy","energy_crude","wti","IPE","WTI","WTI","USD","standard","exchange_product","source_listed","manual","false","WTI 원유 · ICE|WEST TEXAS INTERMEDIATE LIGHT SWEET CRUDE OIL|IPE|WTI|wti|에너지|원유|텍사스|서부텍사스|oil","IBKR_MARGIN_20260924","","2026-09-24","",""
"ibkr:NYMEX:BB","브렌트 금융지수 선물","NYMEX BRENT FINANCIAL FUTURES INDEX","energy","energy_crude","brent","NYMEX","BB","BB","USD","unspecified","exchange_product","source_listed","manual","false","브렌트 금융지수 선물|NYMEX BRENT FINANCIAL FUTURES INDEX|NYMEX|BB|brent|에너지|원유|브렌트유|북해|Brent|crude","IBKR_MARGIN_20260924","","2026-09-24","",""
"ibkr:NYMEX:BZ","브렌트 원유 · NYMEX","BRENT CRUDE OIL - LAST DAY","energy","energy_crude","brent","NYMEX","BZ","BZ","USD","unspecified","exchange_product","source_listed","manual","true","브렌트 원유 · NYMEX|BRENT CRUDE OIL - LAST DAY|NYMEX|BZ|brent|에너지|원유|브렌트유|북해|Brent|crude","IBKR_MARGIN_20260924","","2026-09-24","",""
"ibkr:NYMEX:CL","WTI 원유","LIGHT SWEET CRUDE OIL","energy","energy_crude","wti","NYMEX","CL","CL","USD","standard","exchange_product","source_listed","manual","true","WTI 원유|LIGHT SWEET CRUDE OIL|NYMEX|CL|wti|에너지|원유|텍사스|서부텍사스|light|sweet|crude|oil","IBKR_MARGIN_20260924","","2026-09-24","",""
"ibkr:NYMEX:MCL","마이크로 WTI 원유","MICRO WTI CRUDE OIL","energy","energy_crude","wti","NYMEX","MCL","MCL","USD","micro","exchange_product","source_listed","manual","true","마이크로 WTI 원유|MICRO WTI CRUDE OIL|NYMEX|MCL|wti|에너지|원유|텍사스|서부텍사스|light|sweet|crude|oil","IBKR_MARGIN_20260924","","2026-09-24","",""
"ibkr:NYMEX:QM","미니 WTI 원유","NYMEX MINY LIGHT SWEET CRUDE OIL","energy","energy_crude","wti","NYMEX","QM","QM","USD","mini","exchange_product","source_listed","manual","true","미니 WTI 원유|NYMEX MINY LIGHT SWEET CRUDE OIL|NYMEX|QM|wti|에너지|원유|텍사스|서부텍사스|light|sweet|crude|oil","IBKR_MARGIN_20260924","","2026-09-24","",""
"ibkr:QBALGOIEU:COIL","원유 · COIL","ICE BRENT CRUDE","energy","energy_crude","brent","QBALGOIEU","COIL","COIL","USD","unspecified","routing_alias","source_listed","source_rule","false","원유 · COIL|ICE BRENT CRUDE|QBALGOIEU|COIL|brent|에너지|원유","IBKR_MARGIN_20260924","","2026-09-24","ibkr:IPE:COIL",""
"ibkr:QBALGOIEU:WTI","원유 · WTI","WEST TEXAS INTERMEDIATE LIGHT SWEET CRUDE OIL","energy","energy_crude","wti","QBALGOIEU","WTI","WTI","USD","unspecified","routing_alias","source_listed","source_rule","false","원유 · WTI|WEST TEXAS INTERMEDIATE LIGHT SWEET CRUDE OIL|QBALGOIEU|WTI|wti|에너지|원유","IBKR_MARGIN_20260924","","2026-09-24","ibkr:IPE:WTI",""
"ibkr:IPE:GOIL","가스오일 · ICE","ICE GASOIL","energy","energy_refined","gasoil","IPE","GOIL","GOIL","USD","unspecified","exchange_product","source_listed","manual","false","가스오일 · ICE|ICE GASOIL|IPE|GOIL|gasoil|에너지|석유제품|경유","IBKR_MARGIN_20260924","","2026-09-24","",""
"ibkr:IPE:HOIL","난방유 · ICE","ICE HEATING OIL","energy","energy_refined","ulsd","IPE","HOIL","HOIL","USD","unspecified","exchange_product","source_listed","manual","false","난방유 · ICE|ICE HEATING OIL|IPE|HOIL|ulsd|에너지|석유제품|heating|oil","IBKR_MARGIN_20260924","","2026-09-24","",""
"ibkr:IPE:RBOB","RBOB 휘발유 · ICE","ICE NYH RBOB GASOLINE","energy","energy_refined","rbob","IPE","RBOB","RBOB","USD","unspecified","exchange_product","source_listed","manual","false","RBOB 휘발유 · ICE|ICE NYH RBOB GASOLINE|IPE|RBOB|rbob|에너지|석유제품|gasoline","IBKR_MARGIN_20260924","","2026-09-24","",""
"ibkr:NYMEX:HO","난방유·초저유황경유","HEATING OIL","energy","energy_refined","ulsd","NYMEX","HO","HO","USD","standard","exchange_product","source_listed","manual","false","난방유·초저유황경유|HEATING OIL|NYMEX|HO|ulsd|에너지|석유제품|디젤|heating|oil|diesel","IBKR_MARGIN_20260924","","2026-09-24","",""
"ibkr:NYMEX:MHO","마이크로 초저유황경유","MICRO NY HARBOR ULSD","energy","energy_refined","ulsd","NYMEX","MHO","MHO","USD","micro","exchange_product","source_listed","manual","false","마이크로 초저유황경유|MICRO NY HARBOR ULSD|NYMEX|MHO|ulsd|에너지|석유제품|디젤|heating|oil|diesel","IBKR_MARGIN_20260924","","2026-09-24","",""
"ibkr:NYMEX:MRB","마이크로 RBOB 휘발유","MICRO RBOB GASOLINE","energy","energy_refined","rbob","NYMEX","MRB","MRB","USD","micro","exchange_product","source_listed","manual","false","마이크로 RBOB 휘발유|MICRO RBOB GASOLINE|NYMEX|MRB|rbob|에너지|석유제품|가솔린|gasoline","IBKR_MARGIN_20260924","","2026-09-24","",""
"ibkr:NYMEX:RB","RBOB 휘발유","NYMEX RBOB GASOLINE INDEX","energy","energy_refined","rbob","NYMEX","RB","RB","USD","standard","exchange_product","source_listed","manual","true","RBOB 휘발유|NYMEX RBOB GASOLINE INDEX|NYMEX|RB|rbob|에너지|석유제품|가솔린|gasoline","IBKR_MARGIN_20260924","","2026-09-24","",""
"ibkr:QBALGOIEU:GOIL","석유제품 · GOIL","ICE GASOIL","energy","energy_refined","gasoil","QBALGOIEU","GOIL","GOIL","USD","unspecified","routing_alias","source_listed","source_rule","false","석유제품 · GOIL|ICE GASOIL|QBALGOIEU|GOIL|gasoil|에너지|석유제품","IBKR_MARGIN_20260924","","2026-09-24","ibkr:IPE:GOIL",""
"ibkr:ENDEX:TFM","네덜란드 TTF 천연가스","DUTCH TTF NATURAL GAS FUTURES","energy","energy_gas","ttf","ENDEX","TFM","TFM","EUR","unspecified","exchange_product","source_listed","manual","false","네덜란드 TTF 천연가스|DUTCH TTF NATURAL GAS FUTURES|ENDEX|TFM|ttf|에너지|천연가스|유럽|가스|gas","IBKR_MARGIN_20260924","","2026-09-24","",""
"ibkr:IPE:NGF","영국 천연가스","ICE UK NATURAL GAS","energy","energy_gas","uk_gas","IPE","NGF","NGF","GBP","unspecified","exchange_product","source_listed","manual","false","영국 천연가스|ICE UK NATURAL GAS|IPE|NGF|uk_gas|에너지|천연가스|natural|gas","IBKR_MARGIN_20260924","","2026-09-24","",""
"ibkr:NYMEX:HH","천연가스 최종일 금융결제","NATURAL GAS LAST DAY FINANCIAL FUTURES INDEX","energy","energy_gas","henry_hub","NYMEX","HH","HH","USD","unspecified","exchange_product","source_listed","manual","false","천연가스 최종일 금융결제|NATURAL GAS LAST DAY FINANCIAL FUTURES INDEX|NYMEX|HH|henry_hub|에너지|천연가스|natural|gas|헨리허브","IBKR_MARGIN_20260924","","2026-09-24","",""
"ibkr:NYMEX:HHW","천연가스 주간","HENRY HUB NATURAL GAS (WEEKLY FUTURES)","energy","energy_gas","henry_hub","NYMEX","HHW","HHW","USD","unspecified","exchange_product","source_listed","manual","false","천연가스 주간|HENRY HUB NATURAL GAS (WEEKLY FUTURES)|NYMEX|HHW|henry_hub|에너지|천연가스|natural|gas|헨리허브","IBKR_MARGIN_20260924","","2026-09-24","",""
"ibkr:NYMEX:HP","천연가스 최종전일 금융결제","NATURAL GAS PENULTIMATE FINANCIAL FUTURES INDEX","energy","energy_gas","henry_hub","NYMEX","HP","HP","USD","unspecified","exchange_product","source_listed","manual","false","천연가스 최종전일 금융결제|NATURAL GAS PENULTIMATE FINANCIAL FUTURES INDEX|NYMEX|HP|henry_hub|에너지|천연가스|natural|gas|헨리허브","IBKR_MARGIN_20260924","","2026-09-24","",""
"ibkr:NYMEX:MNG","마이크로 천연가스","MICRO HENRY HUB NATURAL GAS","energy","energy_gas","henry_hub","NYMEX","MHNG","MNG","USD","micro","exchange_product","source_listed","manual","false","마이크로 천연가스|MICRO HENRY HUB NATURAL GAS|NYMEX|MHNG|MNG|henry_hub|에너지|천연가스|natural|gas|헨리허브","IBKR_MARGIN_20260924","","2026-09-24","",""
"ibkr:NYMEX:NG","헨리허브 천연가스","HENRY HUB NATURAL GAS","energy","energy_gas","henry_hub","NYMEX","NG","NG","USD","standard","exchange_product","source_listed","manual","true","헨리허브 천연가스|HENRY HUB NATURAL GAS|NYMEX|NG|henry_hub|에너지|천연가스|natural|gas|헨리허브","IBKR_MARGIN_20260924","","2026-09-24","",""
"ibkr:NYMEX:QG","미니 천연가스","NYMEX MINY NATURAL GAS INDEX","energy","energy_gas","henry_hub","NYMEX","QG","QG","USD","mini","exchange_product","source_listed","manual","false","미니 천연가스|NYMEX MINY NATURAL GAS INDEX|NYMEX|QG|henry_hub|에너지|천연가스|natural|gas|헨리허브","IBKR_MARGIN_20260924","","2026-09-24","",""
"ibkr:IPE:ATW","로테르담 석탄","ICE ROTTERDAM COAL","energy","energy_coal","","IPE","ATW","ATW","USD","unspecified","exchange_product","source_listed","manual","false","로테르담 석탄|ICE ROTTERDAM COAL|IPE|ATW|에너지|석탄","IBKR_MARGIN_20260924","","2026-09-24","",""
"ibkr:IPE:NCF","뉴캐슬 석탄","NEWCASTLE COAL FUTURES","energy","energy_coal","","IPE","NCF","NCF","USD","unspecified","exchange_product","source_listed","manual","false","뉴캐슬 석탄|NEWCASTLE COAL FUTURES|IPE|NCF|에너지|석탄","IBKR_MARGIN_20260924","","2026-09-24","",""
"ibkr:COMEX:UX","우라늄","URANIUM INDEX","energy","energy_nuclear","uranium","COMEX","UX","UX","USD","unspecified","exchange_product","source_listed","manual","false","우라늄|URANIUM INDEX|COMEX|UX|uranium|에너지|원전","IBKR_MARGIN_20260924","","2026-09-24","",""
"ibkr:COMEX:1OZ","1온스 금","1 OUNCE GOLD FUTURES","metals","metals_precious","gold","COMEX","1OZ","1OZ","USD","unspecified","exchange_product","source_listed","manual","false","1온스 금|1 OUNCE GOLD FUTURES|COMEX|1OZ|gold|금속|귀금속|골드","IBKR_MARGIN_20260924","","2026-09-24","",""
"ibkr:COMEX:GC","금","GOLD","metals","metals_precious","gold","COMEX","GC","GC","USD","standard","exchange_product","source_listed","manual","true","금|GOLD|COMEX|GC|gold|금속|귀금속|골드","IBKR_MARGIN_20260924","","2026-09-24","",""
"ibkr:COMEX:MGC","마이크로 금","E-MICRO GOLD","metals","metals_precious","gold","COMEX","MGC","MGC","USD","micro","exchange_product","source_listed","manual","true","마이크로 금|E-MICRO GOLD|COMEX|MGC|gold|금속|귀금속|골드","IBKR_MARGIN_20260924","","2026-09-24","",""
"ibkr:COMEX:QI","미니 은","COMEX MINY SILVER","metals","metals_precious","silver","COMEX","QI","QI","USD","mini","exchange_product","source_listed","manual","false","미니 은|COMEX MINY SILVER|COMEX|QI|silver|금속|귀금속|실버","IBKR_MARGIN_20260924","","2026-09-24","",""
"ibkr:COMEX:QO","미니 금","COMEX MINY GOLD","metals","metals_precious","gold","COMEX","QO","QO","USD","mini","exchange_product","source_listed","manual","false","미니 금|COMEX MINY GOLD|COMEX|QO|gold|금속|귀금속|골드","IBKR_MARGIN_20260924","","2026-09-24","",""
"ibkr:COMEX:SGC","귀금속 · SGC","SHANGHAI GOLD EXCHANGE GOLD BENCHMARK PM PRICE INDEX - CNH FUTURES","metals","metals_precious","","COMEX","SGC","SGC","CNH","unspecified","exchange_product","source_listed","source_rule","false","귀금속 · SGC|SHANGHAI GOLD EXCHANGE GOLD BENCHMARK PM PRICE INDEX - CNH FUTURES|COMEX|SGC|금속|귀금속","IBKR_MARGIN_20260924","","2026-09-24","",""
"ibkr:COMEX:SGU","귀금속 · SGU","SHANGHAI GOLD EXCHANGE GOLD BENCHMARK PM PRICE INDEX - USD FUTURES","metals","metals_precious","","COMEX","SGUF","SGU","USD","unspecified","exchange_product","source_listed","source_rule","false","귀금속 · SGU|SHANGHAI GOLD EXCHANGE GOLD BENCHMARK PM PRICE INDEX - USD FUTURES|COMEX|SGUF|SGU|금속|귀금속","IBKR_MARGIN_20260924","","2026-09-24","",""
"ibkr:COMEX:SI","은","SILVER INDEX","metals","metals_precious","silver","COMEX","SI","SI","USD","unspecified","exchange_product","source_listed","manual","true","은|SILVER INDEX|COMEX|SI|silver|금속|귀금속|실버","IBKR_MARGIN_20260924","","2026-09-24","",""
"ibkr:COMEX:SIC","은 · SIC","SILVER INDEX (SIC)","metals","metals_precious","silver","COMEX","SIC","SIC","USD","unspecified","exchange_product","source_listed","manual","false","은 · SIC|SILVER INDEX (SIC)|COMEX|SIC|silver|금속|귀금속|실버","IBKR_MARGIN_20260924","","2026-09-24","",""
"ibkr:COMEX:SIL","은 · SIL","SILVER INDEX","metals","metals_precious","silver","COMEX","SI","SIL","USD","unspecified","exchange_product","source_listed","manual","false","은 · SIL|SILVER INDEX|COMEX|SI|SIL|silver|금속|귀금속|실버","IBKR_MARGIN_20260924","","2026-09-24","",""
"ibkr:HKFE:GDR","귀금속 · GDR","CNH GOLD FUTURES","metals","metals_precious","","HKFE","GDR","GDR","CNH","unspecified","exchange_product","source_listed","source_rule","false","귀금속 · GDR|CNH GOLD FUTURES|HKFE|GDR|금속|귀금속","IBKR_MARGIN_20260924","","2026-09-24","",""
"ibkr:HKFE:GDU","귀금속 · GDU","USD GOLD FUTURES","metals","metals_precious","","HKFE","GDU","GDU","USD","unspecified","exchange_product","source_listed","source_rule","false","귀금속 · GDU|USD GOLD FUTURES|HKFE|GDU|금속|귀금속","IBKR_MARGIN_20260924","","2026-09-24","",""
"ibkr:NYMEX:PA","팔라듐","PALLADIUM INDEX","metals","metals_precious","","NYMEX","PA","PA","USD","unspecified","exchange_product","source_listed","manual","false","팔라듐|PALLADIUM INDEX|NYMEX|PA|금속|귀금속","IBKR_MARGIN_20260924","","2026-09-24","",""
"ibkr:NYMEX:PL","백금","PLATINUM INDEX","metals","metals_precious","","NYMEX","PL","PL","USD","unspecified","exchange_product","source_listed","manual","false","백금|PLATINUM INDEX|NYMEX|PL|금속|귀금속","IBKR_MARGIN_20260924","","2026-09-24","",""
"ibkr:COMEX:ALI","알루미늄","ALUMINUM INDEX","metals","metals_industrial","","COMEX","ALI","ALI","USD","unspecified","exchange_product","source_listed","manual","false","알루미늄|ALUMINUM INDEX|COMEX|ALI|금속|산업금속","IBKR_MARGIN_20260924","","2026-09-24","",""
"ibkr:COMEX:HG","구리","COPPER INDEX","metals","metals_industrial","copper","COMEX","HG","HG","USD","standard","exchange_product","source_listed","manual","true","구리|COPPER INDEX|COMEX|HG|copper|금속|산업금속|동","IBKR_MARGIN_20260924","","2026-09-24","",""
"ibkr:COMEX:HRC","열연강판","HOT-ROLLED COIL STEEL INDEX","metals","metals_industrial","","COMEX","HRC","HRC","USD","unspecified","exchange_product","source_listed","manual","false","열연강판|HOT-ROLLED COIL STEEL INDEX|COMEX|HRC|금속|산업금속","IBKR_MARGIN_20260924","","2026-09-24","",""
"ibkr:COMEX:MHG","마이크로 구리","MICRO COPPER","metals","metals_industrial","copper","COMEX","MHG","MHG","USD","micro","exchange_product","source_listed","manual","false","마이크로 구리|MICRO COPPER|COMEX|MHG|copper|금속|산업금속|동","IBKR_MARGIN_20260924","","2026-09-24","",""
"ibkr:COMEX:QC","미니 구리","COMEX MINY COPPER","metals","metals_industrial","copper","COMEX","QC","QC","USD","mini","exchange_product","source_listed","manual","false","미니 구리|COMEX MINY COPPER|COMEX|QC|copper|금속|산업금속|동","IBKR_MARGIN_20260924","","2026-09-24","",""
"ibkr:LMEOTC:AH","산업금속 · AH","HIGH-GRADE PRIMARY ALUMINIUM","metals","metals_industrial","","LMEOTC","AH","AH","USD","mini","otc_product","source_listed","source_rule","false","산업금속 · AH|HIGH-GRADE PRIMARY ALUMINIUM|LMEOTC|AH|금속|산업금속","IBKR_MARGIN_20260924","","2026-09-24","",""
"ibkr:LMEOTC:CA","산업금속 · CA","GRADE A COPPER - LME","metals","metals_industrial","","LMEOTC","CA","CA","USD","unspecified","otc_product","source_listed","source_rule","false","산업금속 · CA|GRADE A COPPER - LME|LMEOTC|CA|금속|산업금속","IBKR_MARGIN_20260924","","2026-09-24","",""
"ibkr:LMEOTC:PB","산업금속 · PB","LEAD - LME","metals","metals_industrial","","LMEOTC","PB","PB","USD","unspecified","otc_product","source_listed","source_rule","false","산업금속 · PB|LEAD - LME|LMEOTC|PB|금속|산업금속","IBKR_MARGIN_20260924","","2026-09-24","",""
"ibkr:LMEOTC:SN","산업금속 · SN","TIN FUTURE","metals","metals_industrial","","LMEOTC","SNLME","SN","USD","unspecified","otc_product","source_listed","source_rule","false","산업금속 · SN|TIN FUTURE|LMEOTC|SNLME|SN|금속|산업금속","IBKR_MARGIN_20260924","","2026-09-24","",""
"ibkr:SGX:FEF","철광석 · SGX","SGX Iron Ore Futures","metals","metals_industrial","","SGX","SCI","FEF","USD","unspecified","exchange_product","name_enriched","manual","false","철광석 · SGX|SGX Iron Ore Futures|SGX|SCI|FEF|금속|산업금속","IBKR_MARGIN_20260924","SGX_IRON","2026-09-24","","공식 출처로 표시명을 보강. 원문은 RawSource에 보존."
"ibkr:B3:CCM","브라질 옥수수","Corn Futures","agriculture","agriculture_grains","","B3","CCM","CCM","BRL","unspecified","exchange_product","name_enriched","manual","false","브라질 옥수수|Corn Futures|B3|CCM|농축산물|곡물","IBKR_MARGIN_20260924","B3_PRODUCTS","2026-09-24","","공식 출처로 표시명을 보강. 원문은 RawSource에 보존."
"ibkr:CBOT:KE","경질 적색 겨울밀","HARD RED WINTER WHEAT -KCBOT-","agriculture","agriculture_grains","wheat","CBOT","KE","KE","USD","unspecified","exchange_product","source_listed","manual","false","경질 적색 겨울밀|HARD RED WINTER WHEAT -KCBOT-|CBOT|KE|wheat|농축산물|곡물|소맥","IBKR_MARGIN_20260924","","2026-09-24","",""
"ibkr:CBOT:MZC","마이크로 옥수수","MICRO CORN FUTURES","agriculture","agriculture_grains","corn","CBOT","MZC","MZC","USD","micro","exchange_product","source_listed","manual","false","마이크로 옥수수|MICRO CORN FUTURES|CBOT|MZC|corn|농축산물|곡물","IBKR_MARGIN_20260924","","2026-09-24","",""
"ibkr:CBOT:MZW","마이크로 밀","MICRO WHEAT FUTURES","agriculture","agriculture_grains","wheat","CBOT","MZW","MZW","USD","micro","exchange_product","source_listed","manual","false","마이크로 밀|MICRO WHEAT FUTURES|CBOT|MZW|wheat|농축산물|곡물|소맥","IBKR_MARGIN_20260924","","2026-09-24","",""
"ibkr:CBOT:XC","미니 옥수수","MINI SIZED CORN FUTURES","agriculture","agriculture_grains","corn","CBOT","YC","XC","USD","mini","exchange_product","source_listed","manual","false","미니 옥수수|MINI SIZED CORN FUTURES|CBOT|YC|XC|corn|농축산물|곡물","IBKR_MARGIN_20260924","","2026-09-24","",""
"ibkr:CBOT:XW","미니 밀","MINI SIZED WHEAT FUTURES","agriculture","agriculture_grains","wheat","CBOT","YW","XW","USD","mini","exchange_product","source_listed","manual","false","미니 밀|MINI SIZED WHEAT FUTURES|CBOT|YW|XW|wheat|농축산물|곡물|소맥","IBKR_MARGIN_20260924","","2026-09-24","",""
"ibkr:CBOT:ZC","옥수수","CORN FUTURES","agriculture","agriculture_grains","corn","CBOT","ZC","ZC","USD","standard","exchange_product","source_listed","manual","true","옥수수|CORN FUTURES|CBOT|ZC|corn|농축산물|곡물","IBKR_MARGIN_20260924","","2026-09-24","",""
"ibkr:CBOT:ZO","귀리","OAT FUTURES","agriculture","agriculture_grains","","CBOT","ZO","ZO","USD","unspecified","exchange_product","source_listed","manual","false","귀리|OAT FUTURES|CBOT|ZO|농축산물|곡물","IBKR_MARGIN_20260924","","2026-09-24","",""
"ibkr:CBOT:ZR","벼","ROUGH RICE FUTURES","agriculture","agriculture_grains","","CBOT","ZR","ZR","USD","unspecified","exchange_product","source_listed","manual","false","벼|ROUGH RICE FUTURES|CBOT|ZR|농축산물|곡물","IBKR_MARGIN_20260924","","2026-09-24","",""
"ibkr:CBOT:ZW","밀","WHEAT FUTURES","agriculture","agriculture_grains","wheat","CBOT","ZW","ZW","USD","standard","exchange_product","source_listed","manual","true","밀|WHEAT FUTURES|CBOT|ZW|wheat|농축산물|곡물|소맥","IBKR_MARGIN_20260924","","2026-09-24","",""
"ibkr:CME:EBM","곡물 · EBM","MILLING WHEAT FUTURES","agriculture","agriculture_grains","","CME","EBMEUR","EBM","EUR","unspecified","exchange_product","source_listed","source_rule","false","곡물 · EBM|MILLING WHEAT FUTURES|CME|EBMEUR|EBM|농축산물|곡물","IBKR_MARGIN_20260924","","2026-09-24","",""
"ibkr:ICEEUSOFT:T","밀 · ICE","WHEAT","agriculture","agriculture_grains","","ICEEUSOFT","T","T","GBP","unspecified","exchange_product","source_listed","manual","false","밀 · ICE|WHEAT|ICEEUSOFT|T|농축산물|곡물","IBKR_MARGIN_20260924","","2026-09-24","",""
"ibkr:MATIF:EBM","곡물 · EBM","MILLING WHEAT FUTURES","agriculture","agriculture_grains","","MATIF","EBM","EBM","EUR","unspecified","exchange_product","source_listed","source_rule","false","곡물 · EBM|MILLING WHEAT FUTURES|MATIF|EBM|농축산물|곡물","IBKR_MARGIN_20260924","","2026-09-24","",""
"ibkr:MATIF:EMA","곡물 · EMA","CORN","agriculture","agriculture_grains","","MATIF","EMA","EMA","EUR","unspecified","exchange_product","source_listed","source_rule","false","곡물 · EMA|CORN|MATIF|EMA|농축산물|곡물","IBKR_MARGIN_20260924","","2026-09-24","",""
"ibkr:BURSAMY:FCPO","팜유","CRUDE PALM OIL - MY","agriculture","agriculture_oilseeds","palm_oil","BURSAMY","FCPO.MY","FCPO","MYR","unspecified","exchange_product","source_listed","manual","false","팜유|CRUDE PALM OIL - MY|BURSAMY|FCPO.MY|FCPO|palm_oil|농축산물|유지종자·식용유|palm|oil|식용유","IBKR_MARGIN_20260924","","2026-09-24","",""
"ibkr:CBOT:MZL","마이크로 대두유","MICRO SOYBEAN OIL FUTURES","agriculture","agriculture_oilseeds","","CBOT","MZL","MZL","USD","micro","exchange_product","source_listed","manual","false","마이크로 대두유|MICRO SOYBEAN OIL FUTURES|CBOT|MZL|농축산물|유지종자·식용유","IBKR_MARGIN_20260924","","2026-09-24","",""
"ibkr:CBOT:MZM","마이크로 대두박","MICRO SOYBEAN MEAL FUTURES","agriculture","agriculture_oilseeds","","CBOT","MZM","MZM","USD","micro","exchange_product","source_listed","manual","false","마이크로 대두박|MICRO SOYBEAN MEAL FUTURES|CBOT|MZM|농축산물|유지종자·식용유","IBKR_MARGIN_20260924","","2026-09-24","",""
"ibkr:CBOT:MZS","마이크로 대두","MICRO SOYBEAN FUTURES","agriculture","agriculture_oilseeds","soybean","CBOT","MZS","MZS","USD","micro","exchange_product","source_listed","manual","false","마이크로 대두|MICRO SOYBEAN FUTURES|CBOT|MZS|soybean|농축산물|유지종자·식용유|콩","IBKR_MARGIN_20260924","","2026-09-24","",""
"ibkr:CBOT:XK","미니 대두","MINI SIZED SOYBEAN FUTURES","agriculture","agriculture_oilseeds","soybean","CBOT","YK","XK","USD","mini","exchange_product","source_listed","manual","false","미니 대두|MINI SIZED SOYBEAN FUTURES|CBOT|YK|XK|soybean|농축산물|유지종자·식용유|콩","IBKR_MARGIN_20260924","","2026-09-24","",""
"ibkr:CBOT:ZL","대두유","SOYBEAN OIL FUTURES","agriculture","agriculture_oilseeds","","CBOT","ZL","ZL","USD","unspecified","exchange_product","source_listed","manual","false","대두유|SOYBEAN OIL FUTURES|CBOT|ZL|농축산물|유지종자·식용유","IBKR_MARGIN_20260924","","2026-09-24","",""
"ibkr:CBOT:ZM","대두박","SOYBEAN MEAL FUTURES","agriculture","agriculture_oilseeds","","CBOT","ZM","ZM","USD","unspecified","exchange_product","source_listed","manual","false","대두박|SOYBEAN MEAL FUTURES|CBOT|ZM|농축산물|유지종자·식용유","IBKR_MARGIN_20260924","","2026-09-24","",""
"ibkr:CBOT:ZS","대두","SOYBEAN FUTURES","agriculture","agriculture_oilseeds","soybean","CBOT","ZS","ZS","USD","standard","exchange_product","source_listed","manual","true","대두|SOYBEAN FUTURES|CBOT|ZS|soybean|농축산물|유지종자·식용유|콩","IBKR_MARGIN_20260924","","2026-09-24","",""
"ibkr:MATIF:ECO","유지종자·식용유 · ECO","EUROPEAN RAPESEED FUTURE","agriculture","agriculture_oilseeds","","MATIF","ECO","ECO","EUR","unspecified","exchange_product","source_listed","source_rule","false","유지종자·식용유 · ECO|EUROPEAN RAPESEED FUTURE|MATIF|ECO|농축산물|유지종자·식용유","IBKR_MARGIN_20260924","","2026-09-24","",""
"ibkr:NYBOT:RS","유지종자·식용유 · RS","CANOLA","agriculture","agriculture_oilseeds","","NYBOT","RS","RS","CAD","unspecified","exchange_product","source_listed","source_rule","false","유지종자·식용유 · RS|CANOLA|NYBOT|RS|농축산물|유지종자·식용유","IBKR_MARGIN_20260924","","2026-09-24","",""
"ibkr:ICEEUSOFT:C","런던 코코아","COCOA","agriculture","agriculture_softs","","ICEEUSOFT","C","C","GBP","unspecified","exchange_product","source_listed","manual","false","런던 코코아|COCOA|ICEEUSOFT|C|농축산물|커피·코코아·설탕·기타","IBKR_MARGIN_20260924","","2026-09-24","",""
"ibkr:ICEEUSOFT:RC","로부스타 커피","ROBUSTA COFFEE","agriculture","agriculture_softs","robusta","ICEEUSOFT","D","RC","USD","unspecified","exchange_product","source_listed","manual","false","로부스타 커피|ROBUSTA COFFEE|ICEEUSOFT|D|RC|robusta|농축산물|커피·코코아·설탕·기타|커피|로부스타|coffee","IBKR_MARGIN_20260924","","2026-09-24","",""
"ibkr:ICEEUSOFT:W","백설탕","WHITE SUGAR","agriculture","agriculture_softs","","ICEEUSOFT","W","W","USD","unspecified","exchange_product","source_listed","manual","false","백설탕|WHITE SUGAR|ICEEUSOFT|W|농축산물|커피·코코아·설탕·기타","IBKR_MARGIN_20260924","","2026-09-24","",""
"ibkr:NYBOT:AC","커피 C 미터법 계약","COFFEE ""C"" METRIC","agriculture","agriculture_softs","arabica","NYBOT","AC","AC","USD","unspecified","exchange_product","source_listed","manual","false","커피 C 미터법 계약|COFFEE ""C"" METRIC|NYBOT|AC|arabica|농축산물|커피·코코아·설탕·기타|커피|아라비카|coffee","IBKR_MARGIN_20260924","","2026-09-24","",""
"ibkr:NYBOT:CC","코코아","COCOA NYBOT","agriculture","agriculture_softs","","NYBOT","CC","CC","USD","unspecified","exchange_product","source_listed","manual","false","코코아|COCOA NYBOT|NYBOT|CC|농축산물|커피·코코아·설탕·기타","IBKR_MARGIN_20260924","","2026-09-24","",""
"ibkr:NYBOT:CT","면화","COTTON NO. 2","agriculture","agriculture_softs","","NYBOT","CT","CT","USD","unspecified","exchange_product","source_listed","manual","false","면화|COTTON NO. 2|NYBOT|CT|농축산물|커피·코코아·설탕·기타","IBKR_MARGIN_20260924","","2026-09-24","",""
"ibkr:NYBOT:KC","아라비카 커피 C","COFFEE ""C""","agriculture","agriculture_softs","arabica","NYBOT","KC","KC","USD","unspecified","exchange_product","source_listed","manual","true","아라비카 커피 C|COFFEE ""C""|NYBOT|KC|arabica|농축산물|커피·코코아·설탕·기타|커피|아라비카|coffee","IBKR_MARGIN_20260924","","2026-09-24","",""
"ibkr:NYBOT:OJ","냉동 농축 오렌지주스","FC ORANGE JUICE ""A""","agriculture","agriculture_softs","","NYBOT","OJ","OJ","USD","unspecified","exchange_product","source_listed","manual","false","냉동 농축 오렌지주스|FC ORANGE JUICE ""A""|NYBOT|OJ|농축산물|커피·코코아·설탕·기타","IBKR_MARGIN_20260924","","2026-09-24","",""
"ibkr:NYBOT:SB","원당 No.11","SUGAR NO. 11","agriculture","agriculture_softs","","NYBOT","SB","SB","USD","unspecified","exchange_product","source_listed","manual","true","원당 No.11|SUGAR NO. 11|NYBOT|SB|농축산물|커피·코코아·설탕·기타","IBKR_MARGIN_20260924","","2026-09-24","",""
"ibkr:NYBOT:SF","설탕 No.16","SUGAR #16 112000 LBS","agriculture","agriculture_softs","","NYBOT","SF","SF","USD","unspecified","exchange_product","source_listed","manual","false","설탕 No.16|SUGAR #16 112000 LBS|NYBOT|SF|농축산물|커피·코코아·설탕·기타","IBKR_MARGIN_20260924","","2026-09-24","",""
"ibkr:NYMEX:TT","커피·코코아·설탕·기타 · TT","NYMEX COTTON INDEX","agriculture","agriculture_softs","","NYMEX","TT","TT","USD","unspecified","exchange_product","source_listed","source_rule","false","커피·코코아·설탕·기타 · TT|NYMEX COTTON INDEX|NYMEX|TT|농축산물|커피·코코아·설탕·기타","IBKR_MARGIN_20260924","","2026-09-24","",""
"ibkr:QBALGOIUS:CC","커피·코코아·설탕·기타 · CC","COCOA NYBOT","agriculture","agriculture_softs","","QBALGOIUS","CC","CC","USD","unspecified","routing_alias","source_listed","source_rule","false","커피·코코아·설탕·기타 · CC|COCOA NYBOT|QBALGOIUS|CC|농축산물|커피·코코아·설탕·기타","IBKR_MARGIN_20260924","","2026-09-24","ibkr:NYBOT:CC",""
"ibkr:QBALGOIUS:CT","커피·코코아·설탕·기타 · CT","COTTON NO. 2","agriculture","agriculture_softs","","QBALGOIUS","CT","CT","USD","unspecified","routing_alias","source_listed","source_rule","false","커피·코코아·설탕·기타 · CT|COTTON NO. 2|QBALGOIUS|CT|농축산물|커피·코코아·설탕·기타","IBKR_MARGIN_20260924","","2026-09-24","ibkr:NYBOT:CT",""
"ibkr:QBALGOIUS:KC","커피·코코아·설탕·기타 · KC","COFFEE ""C""","agriculture","agriculture_softs","arabica","QBALGOIUS","KC","KC","USD","unspecified","routing_alias","source_listed","source_rule","false","커피·코코아·설탕·기타 · KC|COFFEE ""C""|QBALGOIUS|KC|arabica|농축산물|커피·코코아·설탕·기타","IBKR_MARGIN_20260924","","2026-09-24","ibkr:NYBOT:KC",""
"ibkr:QBALGOIUS:OJ","커피·코코아·설탕·기타 · OJ","FC ORANGE JUICE ""A""","agriculture","agriculture_softs","","QBALGOIUS","OJ","OJ","USD","unspecified","routing_alias","source_listed","source_rule","false","커피·코코아·설탕·기타 · OJ|FC ORANGE JUICE ""A""|QBALGOIUS|OJ|농축산물|커피·코코아·설탕·기타","IBKR_MARGIN_20260924","","2026-09-24","ibkr:NYBOT:OJ",""
"ibkr:QBALGOIUS:SB","커피·코코아·설탕·기타 · SB","SUGAR NO. 11","agriculture","agriculture_softs","","QBALGOIUS","SB","SB","USD","unspecified","routing_alias","source_listed","source_rule","false","커피·코코아·설탕·기타 · SB|SUGAR NO. 11|QBALGOIUS|SB|농축산물|커피·코코아·설탕·기타","IBKR_MARGIN_20260924","","2026-09-24","ibkr:NYBOT:SB",""
"ibkr:B3:BGI","브라질 생우","Live Cattle Futures","agriculture","agriculture_livestock","","B3","BGI","BGI","BRL","unspecified","exchange_product","name_enriched","manual","false","브라질 생우|Live Cattle Futures|B3|BGI|농축산물|축산","IBKR_MARGIN_20260924","B3_PRODUCTS","2026-09-24","","공식 출처로 표시명을 보강. 원문은 RawSource에 보존."
"ibkr:CME:GF","비육용 소","FEEDER CATTLE","agriculture","agriculture_livestock","","CME","GF","GF","USD","unspecified","exchange_product","source_listed","manual","false","비육용 소|FEEDER CATTLE|CME|GF|농축산물|축산","IBKR_MARGIN_20260924","","2026-09-24","",""
"ibkr:CME:HE","돈육","LEAN HOGS","agriculture","agriculture_livestock","","CME","HE","HE","USD","unspecified","exchange_product","source_listed","manual","false","돈육|LEAN HOGS|CME|HE|농축산물|축산","IBKR_MARGIN_20260924","","2026-09-24","",""
"ibkr:CME:LE","생우","LIVE CATTLE","agriculture","agriculture_livestock","","CME","LE","LE","USD","unspecified","exchange_product","source_listed","manual","false","생우|LIVE CATTLE|CME|LE|농축산물|축산","IBKR_MARGIN_20260924","","2026-09-24","",""
"ibkr:CME:CB","유제품 · CB","CME CASH-SETTLED BUTTER FUTURES","agriculture","agriculture_dairy","","CME","CB","CB","USD","unspecified","exchange_product","source_listed","source_rule","false","유제품 · CB|CME CASH-SETTLED BUTTER FUTURES|CME|CB|농축산물|유제품","IBKR_MARGIN_20260924","","2026-09-24","",""
"ibkr:CME:CSC","유제품 · CSC","CHEESE","agriculture","agriculture_dairy","","CME","CSC","CSC","USD","unspecified","exchange_product","source_listed","source_rule","false","유제품 · CSC|CHEESE|CME|CSC|농축산물|유제품","IBKR_MARGIN_20260924","","2026-09-24","",""
"ibkr:CME:DC","유제품 · DC","MILK CLASS III INDEX","agriculture","agriculture_dairy","","CME","DA","DC","USD","unspecified","exchange_product","source_listed","source_rule","false","유제품 · DC|MILK CLASS III INDEX|CME|DA|DC|농축산물|유제품","IBKR_MARGIN_20260924","","2026-09-24","",""
"ibkr:CME:DY","유제품 · DY","CME DRY WHEY INDEX","agriculture","agriculture_dairy","","CME","DY","DY","USD","unspecified","exchange_product","source_listed","source_rule","false","유제품 · DY|CME DRY WHEY INDEX|CME|DY|농축산물|유제품","IBKR_MARGIN_20260924","","2026-09-24","",""
"ibkr:CME:GDK","유제품 · GDK","CLASS IV MILK - 200K LBS","agriculture","agriculture_dairy","","CME","GDK","GDK","USD","unspecified","exchange_product","source_listed","source_rule","false","유제품 · GDK|CLASS IV MILK - 200K LBS|CME|GDK|농축산물|유제품","IBKR_MARGIN_20260924","","2026-09-24","",""
"ibkr:CME:GNF","유제품 · GNF","NON FAT DRY MILK INDEX","agriculture","agriculture_dairy","","CME","NF","GNF","USD","unspecified","exchange_product","source_listed","source_rule","false","유제품 · GNF|NON FAT DRY MILK INDEX|CME|NF|GNF|농축산물|유제품","IBKR_MARGIN_20260924","","2026-09-24","",""
"ibkr:CME:LBR","목재","LUMBER FUTURES","agriculture","agriculture_forestry","lumber","CME","LBR","LBR","USD","unspecified","exchange_product","source_listed","manual","false","목재|LUMBER FUTURES|CME|LBR|lumber|농축산물|wood","IBKR_MARGIN_20260924","","2026-09-24","",""
"ibkr:SGX:TF","고무 · TF","SICOM RUBBER","agriculture","agriculture_rubber","","SGX","TSR20","TF","USD","unspecified","exchange_product","source_listed","source_rule","false","고무 · TF|SICOM RUBBER|SGX|TSR20|TF|농축산물|고무","IBKR_MARGIN_20260924","","2026-09-24","",""
"ibkr:CBOT:MYM","마이크로 다우","MICRO E-MINI DOW JONES INDUSTRIAL AVERAGE INDEX","equity_index","equity_index_us","dow","CBOT","MYM","MYM","USD","micro","exchange_product","source_listed","manual","false","마이크로 다우|MICRO E-MINI DOW JONES INDUSTRIAL AVERAGE INDEX|CBOT|MYM|dow|주가지수|미국 지수|다우존스|jones","IBKR_MARGIN_20260924","","2026-09-24","",""
"ibkr:CBOT:NDOW","나노 다우","E-NANO DOW JONES INDUSTRIAL AVERAGE INDEX","equity_index","equity_index_us","dow","CBOT","NDOW","NDOW","USD","nano","exchange_product","source_listed","manual","false","나노 다우|E-NANO DOW JONES INDUSTRIAL AVERAGE INDEX|CBOT|NDOW|dow|주가지수|미국 지수|다우존스|jones","IBKR_MARGIN_20260924","","2026-09-24","",""
"ibkr:CBOT:QDF","다우 청산선물","SPOT-QUOTED DOW (CLEARED FUTURE)","equity_index","equity_index_us","dow","CBOT","QDF","QDF","USD","unspecified","exchange_product","source_listed","manual","false","다우 청산선물|SPOT-QUOTED DOW (CLEARED FUTURE)|CBOT|QDF|dow|주가지수|미국 지수|다우존스|jones","IBKR_MARGIN_20260924","","2026-09-24","",""
"ibkr:CBOT:QDOW","다우 현물호가형","SPOT-QUOTED DOW JONES INDUSTRIAL AVERAGESM INDEX FUTURES","equity_index","equity_index_us","dow","CBOT","QDOW","QDOW","USD","unspecified","exchange_product","source_listed","manual","false","다우 현물호가형|SPOT-QUOTED DOW JONES INDUSTRIAL AVERAGESM INDEX FUTURES|CBOT|QDOW|dow|주가지수|미국 지수|다우존스|jones","IBKR_MARGIN_20260924","","2026-09-24","",""
"ibkr:CBOT:RX","미국 지수 · RX","DOW JONES US REAL ESTATE INDEX","equity_index","equity_index_us","","CBOT","DJUSRE","RX","USD","unspecified","exchange_product","source_listed","source_rule","false","미국 지수 · RX|DOW JONES US REAL ESTATE INDEX|CBOT|DJUSRE|RX|주가지수|미국 지수","IBKR_MARGIN_20260924","","2026-09-24","",""
"ibkr:CBOT:YM","E-mini 다우","E-MINI DOW JONES INDUSTRIAL AVERAGE","equity_index","equity_index_us","dow","CBOT","YM","YM","USD","mini","exchange_product","source_listed","manual","true","E-mini 다우|E-MINI DOW JONES INDUSTRIAL AVERAGE|CBOT|YM|dow|주가지수|미국 지수|다우존스|jones","IBKR_MARGIN_20260924","","2026-09-24","",""
"ibkr:CME:EMD","미국 지수 · EMD","E-MINI S&P MIDCAP 400 FUTURES","equity_index","equity_index_us","","CME","EMD","EMD","USD","mini","exchange_product","source_listed","source_rule","false","미국 지수 · EMD|E-MINI S&P MIDCAP 400 FUTURES|CME|EMD|주가지수|미국 지수","IBKR_MARGIN_20260924","","2026-09-24","",""
"ibkr:CME:ES","E-mini S&P 500","E-MINI S&P 500","equity_index","equity_index_us","sp500","CME","ES","ES","USD","mini","exchange_product","source_listed","manual","true","E-mini S&P 500|E-MINI S&P 500|CME|ES|sp500|주가지수|미국 지수|에스앤피|미국|대형주","IBKR_MARGIN_20260924","","2026-09-24","",""
"ibkr:CME:ESG","미국 지수 · ESG","E-MINI S&P 500 ESG","equity_index","equity_index_us","","CME","SPXESUP","ESG","USD","mini","exchange_product","source_listed","source_rule","false","미국 지수 · ESG|E-MINI S&P 500 ESG|CME|SPXESUP|ESG|주가지수|미국 지수","IBKR_MARGIN_20260924","","2026-09-24","",""
"ibkr:CME:EWF","미국 지수 · EWF","S&P 500 EQUAL WEIGHT INDEX","equity_index","equity_index_us","","CME","SPW","EWF","USD","unspecified","exchange_product","source_listed","source_rule","false","미국 지수 · EWF|S&P 500 EQUAL WEIGHT INDEX|CME|SPW|EWF|주가지수|미국 지수","IBKR_MARGIN_20260924","","2026-09-24","",""
"ibkr:CME:M2K","마이크로 러셀2000","MICRO E-MINI RUSSELL 2000 INDEX","equity_index","equity_index_us","russell2000","CME","M2K","M2K","USD","micro","exchange_product","source_listed","manual","false","마이크로 러셀2000|MICRO E-MINI RUSSELL 2000 INDEX|CME|M2K|russell2000|주가지수|미국 지수|러셀|중소형주|russell","IBKR_MARGIN_20260924","","2026-09-24","",""
"ibkr:CME:MES","마이크로 S&P 500","MICRO E-MINI S&P 500 STOCK PRICE INDEX","equity_index","equity_index_us","sp500","CME","MES","MES","USD","micro","exchange_product","source_listed","manual","true","마이크로 S&P 500|MICRO E-MINI S&P 500 STOCK PRICE INDEX|CME|MES|sp500|주가지수|미국 지수|에스앤피|미국|대형주","IBKR_MARGIN_20260924","","2026-09-24","",""
"ibkr:CME:MNQ","마이크로 나스닥100","MICRO E-MINI NASDAQ-100 INDEX","equity_index","equity_index_us","nasdaq100","CME","MNQ","MNQ","USD","micro","exchange_product","source_listed","manual","true","마이크로 나스닥100|MICRO E-MINI NASDAQ-100 INDEX|CME|MNQ|nasdaq100|주가지수|미국 지수|나스닥|나스닥100|nasdaq|100|technology","IBKR_MARGIN_20260924","","2026-09-24","",""
"ibkr:CME:N2K","나노 러셀2000","E-NANO RUSSELL 2000 INDEX FUTURES","equity_index","equity_index_us","russell2000","CME","N2K","N2K","USD","nano","exchange_product","source_listed","manual","false","나노 러셀2000|E-NANO RUSSELL 2000 INDEX FUTURES|CME|N2K|russell2000|주가지수|미국 지수|러셀|중소형주|russell","IBKR_MARGIN_20260924","","2026-09-24","",""
"ibkr:CME:NES","나노 S&P 500","E-NANO S&P 500 INDEX","equity_index","equity_index_us","sp500","CME","NES","NES","USD","nano","exchange_product","source_listed","manual","false","나노 S&P 500|E-NANO S&P 500 INDEX|CME|NES|sp500|주가지수|미국 지수|에스앤피|미국|대형주","IBKR_MARGIN_20260924","","2026-09-24","",""
"ibkr:CME:NNQ","나노 나스닥100","E-NANO NASDAQ-100 INDEX FUTURES","equity_index","equity_index_us","nasdaq100","CME","NNQ","NNQ","USD","nano","exchange_product","source_listed","manual","false","나노 나스닥100|E-NANO NASDAQ-100 INDEX FUTURES|CME|NNQ|nasdaq100|주가지수|미국 지수|나스닥|나스닥100|nasdaq|100|technology","IBKR_MARGIN_20260924","","2026-09-24","",""
"ibkr:CME:NQ","E-mini 나스닥100","E-MINI NASDAQ 100","equity_index","equity_index_us","nasdaq100","CME","NQ","NQ","USD","mini","exchange_product","source_listed","manual","true","E-mini 나스닥100|E-MINI NASDAQ 100|CME|NQ|nasdaq100|주가지수|미국 지수|나스닥|나스닥100|nasdaq|100|technology","IBKR_MARGIN_20260924","","2026-09-24","",""
"ibkr:CME:QNDX","나스닥100 현물호가형","SPOT QUOTED NASDAQ-100 INDEX","equity_index","equity_index_us","nasdaq100","CME","QNDX","QNDX","USD","unspecified","exchange_product","source_listed","manual","false","나스닥100 현물호가형|SPOT QUOTED NASDAQ-100 INDEX|CME|QNDX|nasdaq100|주가지수|미국 지수|나스닥|나스닥100|nasdaq|100|technology","IBKR_MARGIN_20260924","","2026-09-24","",""
"ibkr:CME:QNF","나스닥100 청산선물","SPOT-QUOTED NASDAQ-100 (CLEARED FUTURE)","equity_index","equity_index_us","nasdaq100","CME","QNF","QNF","USD","unspecified","exchange_product","source_listed","manual","false","나스닥100 청산선물|SPOT-QUOTED NASDAQ-100 (CLEARED FUTURE)|CME|QNF|nasdaq100|주가지수|미국 지수|나스닥|나스닥100|nasdaq|100|technology","IBKR_MARGIN_20260924","","2026-09-24","",""
"ibkr:CME:QRF","러셀2000 청산선물","SPOT-QUOTED RUSSELL 2000 (CLEARED FUTURE)","equity_index","equity_index_us","russell2000","CME","QRF","QRF","USD","unspecified","exchange_product","source_listed","manual","false","러셀2000 청산선물|SPOT-QUOTED RUSSELL 2000 (CLEARED FUTURE)|CME|QRF|russell2000|주가지수|미국 지수|러셀|중소형주|russell","IBKR_MARGIN_20260924","","2026-09-24","",""
"ibkr:CME:QRTY","러셀2000 현물호가형","SPOT QUOTED RUSSELL 2000 INDEX","equity_index","equity_index_us","russell2000","CME","QRTY","QRTY","USD","unspecified","exchange_product","source_listed","manual","false","러셀2000 현물호가형|SPOT QUOTED RUSSELL 2000 INDEX|CME|QRTY|russell2000|주가지수|미국 지수|러셀|중소형주|russell","IBKR_MARGIN_20260924","","2026-09-24","",""
"ibkr:CME:QSF","S&P 500 청산선물","SPOT-QUOTED S&P 500 (CLEARED FUTURE)","equity_index","equity_index_us","sp500","CME","QSF","QSF","USD","unspecified","exchange_product","source_listed","manual","false","S&P 500 청산선물|SPOT-QUOTED S&P 500 (CLEARED FUTURE)|CME|QSF|sp500|주가지수|미국 지수|에스앤피|미국|대형주","IBKR_MARGIN_20260924","","2026-09-24","",""
"ibkr:CME:QSPX","S&P 500 현물호가형","SPOT-QUOTED STANDARD AND POOR'S 500 STOCK PRICE INDEX","equity_index","equity_index_us","sp500","CME","QSPX","QSPX","USD","unspecified","exchange_product","source_listed","manual","false","S&P 500 현물호가형|SPOT-QUOTED STANDARD AND POOR'S 500 STOCK PRICE INDEX|CME|QSPX|sp500|주가지수|미국 지수|에스앤피|미국|대형주","IBKR_MARGIN_20260924","","2026-09-24","",""
"ibkr:CME:RS1","미국 지수 · RS1","E-MINI RUSSELL 1000 INDEX FUTURES","equity_index","equity_index_us","","CME","RS1","RS1","USD","mini","exchange_product","source_listed","source_rule","false","미국 지수 · RS1|E-MINI RUSSELL 1000 INDEX FUTURES|CME|RS1|주가지수|미국 지수","IBKR_MARGIN_20260924","","2026-09-24","",""
"ibkr:CME:RSG","미국 지수 · RSG","E-MINI RUSSELL 1000 GROWTH INDEX FUTURES","equity_index","equity_index_us","","CME","RSG","RSG","USD","mini","exchange_product","source_listed","source_rule","false","미국 지수 · RSG|E-MINI RUSSELL 1000 GROWTH INDEX FUTURES|CME|RSG|주가지수|미국 지수","IBKR_MARGIN_20260924","","2026-09-24","",""
"ibkr:CME:RSV","미국 지수 · RSV","E-MINI RUSSELL 1000 VALUE INDEX FUTURES","equity_index","equity_index_us","","CME","RSV","RSV","USD","mini","exchange_product","source_listed","source_rule","false","미국 지수 · RSV|E-MINI RUSSELL 1000 VALUE INDEX FUTURES|CME|RSV|주가지수|미국 지수","IBKR_MARGIN_20260924","","2026-09-24","",""
"ibkr:CME:RTY","E-mini 러셀2000","E-MINI RUSSELL 2000 INDEX","equity_index","equity_index_us","russell2000","CME","RTY","RTY","USD","mini","exchange_product","source_listed","manual","true","E-mini 러셀2000|E-MINI RUSSELL 2000 INDEX|CME|RTY|russell2000|주가지수|미국 지수|러셀|중소형주|russell","IBKR_MARGIN_20260924","","2026-09-24","",""
"ibkr:CME:SMC","미국 지수 · SMC","E-MINI S&P SMALLCAP 600 FUTURES","equity_index","equity_index_us","","CME","SMC","SMC","USD","mini","exchange_product","source_listed","source_rule","false","미국 지수 · SMC|E-MINI S&P SMALLCAP 600 FUTURES|CME|SMC|주가지수|미국 지수","IBKR_MARGIN_20260924","","2026-09-24","",""
"ibkr:BELFOX:BXF","유럽 지수 · BXF","BEL 20 INDEX","equity_index","equity_index_europe","","BELFOX","BFX","BXF","EUR","unspecified","exchange_product","source_listed","source_rule","false","유럽 지수 · BXF|BEL 20 INDEX|BELFOX|BFX|BXF|주가지수|유럽 지수","IBKR_MARGIN_20260924","","2026-09-24","",""
"ibkr:EUREX:FDAX","독일 DAX · FDAX","DAX 40 INDEX (DEUTSCHE AKTIEN XCHANGE 40)","equity_index","equity_index_europe","dax","EUREX","DAX","FDAX","EUR","unspecified","exchange_product","source_listed","manual","false","독일 DAX · FDAX|DAX 40 INDEX (DEUTSCHE AKTIEN XCHANGE 40)|EUREX|DAX|FDAX|dax|주가지수|유럽 지수|닥스|독일","IBKR_MARGIN_20260924","","2026-09-24","",""
"ibkr:EUREX:FDXM","독일 DAX · FDXM","DAX 40 INDEX (DEUTSCHE AKTIEN XCHANGE 40)","equity_index","equity_index_europe","dax","EUREX","DAX","FDXM","EUR","unspecified","exchange_product","source_listed","manual","false","독일 DAX · FDXM|DAX 40 INDEX (DEUTSCHE AKTIEN XCHANGE 40)|EUREX|DAX|FDXM|dax|주가지수|유럽 지수|닥스|독일","IBKR_MARGIN_20260924","","2026-09-24","",""
"ibkr:EUREX:FDXS","독일 DAX · FDXS","DAX 40 INDEX (DEUTSCHE AKTIEN XCHANGE 40)","equity_index","equity_index_europe","dax","EUREX","DAX","FDXS","EUR","unspecified","exchange_product","source_listed","manual","false","독일 DAX · FDXS|DAX 40 INDEX (DEUTSCHE AKTIEN XCHANGE 40)|EUREX|DAX|FDXS|dax|주가지수|유럽 지수|닥스|독일","IBKR_MARGIN_20260924","","2026-09-24","",""
"ibkr:EUREX:FESX","유로스톡스50 · FESX","EURO STOXX50","equity_index","equity_index_europe","eurostoxx50","EUREX","ESTX50","FESX","EUR","unspecified","exchange_product","source_listed","manual","false","유로스톡스50 · FESX|EURO STOXX50|EUREX|ESTX50|FESX|eurostoxx50|주가지수|유럽 지수|유로스톡스|euro|stoxx","IBKR_MARGIN_20260924","","2026-09-24","",""
"ibkr:EUREX:FFOX","유럽 지수 · FFOX","OMX HELSINKI 25 INDEX","equity_index","equity_index_europe","","EUREX","OMXH25","FFOX","EUR","unspecified","exchange_product","source_listed","source_rule","false","유럽 지수 · FFOX|OMX HELSINKI 25 INDEX|EUREX|OMXH25|FFOX|주가지수|유럽 지수","IBKR_MARGIN_20260924","","2026-09-24","",""
"ibkr:EUREX:FLCE","유럽 지수 · FLCE","EURO STOXX LARGE","equity_index","equity_index_europe","","EUREX","DJESL","FLCE","EUR","unspecified","exchange_product","source_listed","source_rule","false","유럽 지수 · FLCE|EURO STOXX LARGE|EUREX|DJESL|FLCE|주가지수|유럽 지수","IBKR_MARGIN_20260924","","2026-09-24","",""
"ibkr:EUREX:FLCP","유럽 지수 · FLCP","STOXX LARGE 200 INDEX","equity_index","equity_index_europe","","EUREX","DJ200L","FLCP","EUR","unspecified","exchange_product","source_listed","source_rule","false","유럽 지수 · FLCP|STOXX LARGE 200 INDEX|EUREX|DJ200L|FLCP|주가지수|유럽 지수","IBKR_MARGIN_20260924","","2026-09-24","",""
"ibkr:EUREX:FMCE","유럽 지수 · FMCE","EURO STOXX MID","equity_index","equity_index_europe","","EUREX","DJESM","FMCE","EUR","unspecified","exchange_product","source_listed","source_rule","false","유럽 지수 · FMCE|EURO STOXX MID|EUREX|DJESM|FMCE|주가지수|유럽 지수","IBKR_MARGIN_20260924","","2026-09-24","",""
"ibkr:EUREX:FMCH","유럽 지수 · FMCH","MSCI CHINA NTR USD","equity_index","equity_index_europe","","EUREX","M1CN","FMCH","USD","unspecified","exchange_product","source_listed","source_rule","false","유럽 지수 · FMCH|MSCI CHINA NTR USD|EUREX|M1CN|FMCH|주가지수|유럽 지수","IBKR_MARGIN_20260924","","2026-09-24","",""
"ibkr:EUREX:FMCP","유럽 지수 · FMCP","STOXX MID 200 INDEX","equity_index","equity_index_europe","","EUREX","DJ200","FMCP","EUR","unspecified","exchange_product","source_listed","source_rule","false","유럽 지수 · FMCP|STOXX MID 200 INDEX|EUREX|DJ200|FMCP|주가지수|유럽 지수","IBKR_MARGIN_20260924","","2026-09-24","",""
"ibkr:EUREX:FMEA","유럽 지수 · FMEA","MSCI EMERGING MARKETS ASIA","equity_index","equity_index_europe","","EUREX","M1MS","FMEA","USD","unspecified","exchange_product","source_listed","source_rule","false","유럽 지수 · FMEA|MSCI EMERGING MARKETS ASIA|EUREX|M1MS|FMEA|주가지수|유럽 지수","IBKR_MARGIN_20260924","","2026-09-24","",""
"ibkr:EUREX:FMEM","유럽 지수 · FMEM","MSCI EMERGING MARKETS NET TOTAL RETURN INDEX","equity_index","equity_index_europe","","EUREX","M1EF","FMEM","USD","unspecified","exchange_product","source_listed","source_rule","false","유럽 지수 · FMEM|MSCI EMERGING MARKETS NET TOTAL RETURN INDEX|EUREX|M1EF|FMEM|주가지수|유럽 지수","IBKR_MARGIN_20260924","","2026-09-24","",""
"ibkr:EUREX:FMEP","유럽 지수 · FMEP","MSCI EUROPE","equity_index","equity_index_europe","","EUREX","MXEU","FMEP","EUR","unspecified","exchange_product","source_listed","source_rule","false","유럽 지수 · FMEP|MSCI EUROPE|EUREX|MXEU|FMEP|주가지수|유럽 지수","IBKR_MARGIN_20260924","","2026-09-24","",""
"ibkr:EUREX:FMEU","유럽 지수 · FMEU","MSCI EUROPE NET RETURN EUR INDEX","equity_index","equity_index_europe","","EUREX","M7EU","FMEU","EUR","unspecified","exchange_product","source_listed","source_rule","false","유럽 지수 · FMEU|MSCI EUROPE NET RETURN EUR INDEX|EUREX|M7EU|FMEU|주가지수|유럽 지수","IBKR_MARGIN_20260924","","2026-09-24","",""
"ibkr:EUREX:FMIN","유럽 지수 · FMIN","MSCI INDIA NTR USD","equity_index","equity_index_europe","","EUREX","M1IN","FMIN","USD","unspecified","exchange_product","source_listed","source_rule","false","유럽 지수 · FMIN|MSCI INDIA NTR USD|EUREX|M1IN|FMIN|주가지수|유럽 지수","IBKR_MARGIN_20260924","","2026-09-24","",""
"ibkr:EUREX:FMJP","유럽 지수 · FMJP","MSCI JAPAN INDEX - USD","equity_index","equity_index_europe","","EUREX","MXJPUS","FMJP","USD","unspecified","exchange_product","source_listed","source_rule","false","유럽 지수 · FMJP|MSCI JAPAN INDEX - USD|EUREX|MXJPUS|FMJP|주가지수|유럽 지수","IBKR_MARGIN_20260924","","2026-09-24","",""
"ibkr:EUREX:FMTW","유럽 지수 · FMTW","MSCI TAIWAN NTR USD","equity_index","equity_index_europe","","EUREX","M1TW","FMTW","USD","unspecified","exchange_product","source_listed","source_rule","false","유럽 지수 · FMTW|MSCI TAIWAN NTR USD|EUREX|M1TW|FMTW|주가지수|유럽 지수","IBKR_MARGIN_20260924","","2026-09-24","",""
"ibkr:EUREX:FMWN","유럽 지수 · FMWN","MSCI WORLD NET EUR INDEX 1","equity_index","equity_index_europe","","EUREX","MBWO","FMWN","EUR","unspecified","exchange_product","source_listed","source_rule","false","유럽 지수 · FMWN|MSCI WORLD NET EUR INDEX 1|EUREX|MBWO|FMWN|주가지수|유럽 지수","IBKR_MARGIN_20260924","","2026-09-24","",""
"ibkr:EUREX:FMWO","유럽 지수 · FMWO","MSCI WORLD NETR USD INDEX","equity_index","equity_index_europe","","EUREX","M1WO","FMWO","USD","unspecified","exchange_product","source_listed","source_rule","false","유럽 지수 · FMWO|MSCI WORLD NETR USD INDEX|EUREX|M1WO|FMWO|주가지수|유럽 지수","IBKR_MARGIN_20260924","","2026-09-24","",""
"ibkr:EUREX:FMWP","유럽 지수 · FMWP","MSCI WORLD INDEX","equity_index","equity_index_europe","","EUREX","MXWO","FMWP","USD","unspecified","exchange_product","source_listed","source_rule","false","유럽 지수 · FMWP|MSCI WORLD INDEX|EUREX|MXWO|FMWP|주가지수|유럽 지수","IBKR_MARGIN_20260924","","2026-09-24","",""
"ibkr:EUREX:FSCE","유럽 지수 · FSCE","EURO STOXX SMALL","equity_index","equity_index_europe","","EUREX","DJESS","FSCE","EUR","unspecified","exchange_product","source_listed","source_rule","false","유럽 지수 · FSCE|EURO STOXX SMALL|EUREX|DJESS|FSCE|주가지수|유럽 지수","IBKR_MARGIN_20260924","","2026-09-24","",""
"ibkr:EUREX:FSCP","유럽 지수 · FSCP","STOXX SMALL 200 INDEX","equity_index","equity_index_europe","","EUREX","DJ200S","FSCP","EUR","unspecified","exchange_product","source_listed","source_rule","false","유럽 지수 · FSCP|STOXX SMALL 200 INDEX|EUREX|DJ200S|FSCP|주가지수|유럽 지수","IBKR_MARGIN_20260924","","2026-09-24","",""
"ibkr:EUREX:FSEG","유럽 지수 · FSEG","STOXX EUROPE 600 ESG-X","equity_index","equity_index_europe","","EUREX","SXXPESGX","FSEG","EUR","unspecified","exchange_product","source_listed","source_rule","false","유럽 지수 · FSEG|STOXX EUROPE 600 ESG-X|EUREX|SXXPESGX|FSEG|주가지수|유럽 지수","IBKR_MARGIN_20260924","","2026-09-24","",""
"ibkr:EUREX:FSLI","유럽 지수 · FSLI","SWISS LEADER INDEX (PREIS_INDEX)","equity_index","equity_index_europe","","EUREX","SLI","FSLI","CHF","unspecified","exchange_product","source_listed","source_rule","false","유럽 지수 · FSLI|SWISS LEADER INDEX (PREIS_INDEX)|EUREX|SLI|FSLI|주가지수|유럽 지수","IBKR_MARGIN_20260924","","2026-09-24","",""
"ibkr:EUREX:FSMI","유럽 지수 · FSMI","SWISS MARKET INDEX","equity_index","equity_index_europe","","EUREX","SMI","FSMI","CHF","unspecified","exchange_product","source_listed","source_rule","false","유럽 지수 · FSMI|SWISS MARKET INDEX|EUREX|SMI|FSMI|주가지수|유럽 지수","IBKR_MARGIN_20260924","","2026-09-24","",""
"ibkr:EUREX:FSMM","유럽 지수 · FSMM","SWISS MID-CAP INDEX","equity_index","equity_index_europe","","EUREX","SMIM","FSMM","CHF","unspecified","exchange_product","source_listed","source_rule","false","유럽 지수 · FSMM|SWISS MID-CAP INDEX|EUREX|SMIM|FSMM|주가지수|유럽 지수","IBKR_MARGIN_20260924","","2026-09-24","",""
"ibkr:EUREX:FSMS","유럽 지수 · FSMS","SWISS MARKET INDEX","equity_index","equity_index_europe","","EUREX","SMI","FSMS","CHF","unspecified","exchange_product","source_listed","source_rule","false","유럽 지수 · FSMS|SWISS MARKET INDEX|EUREX|SMI|FSMS|주가지수|유럽 지수","IBKR_MARGIN_20260924","","2026-09-24","",""
"ibkr:EUREX:FSMX","유럽 지수 · FSMX","MIDCAP DAX","equity_index","equity_index_europe","","EUREX","MDAX","FSMX","EUR","unspecified","exchange_product","source_listed","source_rule","false","유럽 지수 · FSMX|MIDCAP DAX|EUREX|MDAX|FSMX|주가지수|유럽 지수","IBKR_MARGIN_20260924","","2026-09-24","",""
"ibkr:EUREX:FSTX","유럽 지수 · FSTX","STOXX50","equity_index","equity_index_europe","","EUREX","STX","FSTX","EUR","unspecified","exchange_product","source_listed","source_rule","false","유럽 지수 · FSTX|STOXX50|EUREX|STX|FSTX|주가지수|유럽 지수","IBKR_MARGIN_20260924","","2026-09-24","",""
"ibkr:EUREX:FSXE","유로스톡스50 · FSXE","EURO STOXX50","equity_index","equity_index_europe","eurostoxx50","EUREX","ESTX50","FSXE","EUR","unspecified","exchange_product","source_listed","manual","false","유로스톡스50 · FSXE|EURO STOXX50|EUREX|ESTX50|FSXE|eurostoxx50|주가지수|유럽 지수|유로스톡스|euro|stoxx","IBKR_MARGIN_20260924","","2026-09-24","",""
"ibkr:EUREX:FTDX","유럽 지수 · FTDX","TECDAX","equity_index","equity_index_europe","","EUREX","TDX","FTDX","EUR","unspecified","exchange_product","source_listed","source_rule","false","유럽 지수 · FTDX|TECDAX|EUREX|TDX|FTDX|주가지수|유럽 지수","IBKR_MARGIN_20260924","","2026-09-24","",""
"ibkr:EUREX:FXXE","유럽 지수 · FXXE","EURO STOXX PRICE INDEX","equity_index","equity_index_europe","","EUREX","DJES","FXXE","EUR","unspecified","exchange_product","source_listed","source_rule","false","유럽 지수 · FXXE|EURO STOXX PRICE INDEX|EUREX|DJES|FXXE|주가지수|유럽 지수","IBKR_MARGIN_20260924","","2026-09-24","",""
"ibkr:EUREX:FXXP","유럽 지수 · FXXP","STOXX 600 INDEX","equity_index","equity_index_europe","","EUREX","DJ600","FXXP","EUR","unspecified","exchange_product","source_listed","source_rule","false","유럽 지수 · FXXP|STOXX 600 INDEX|EUREX|DJ600|FXXP|주가지수|유럽 지수","IBKR_MARGIN_20260924","","2026-09-24","",""
"ibkr:FTA:FMX","유럽 지수 · FMX","AMX INDEX","equity_index","equity_index_europe","","FTA","AMX","FMX","EUR","unspecified","exchange_product","source_listed","source_rule","false","유럽 지수 · FMX|AMX INDEX|FTA|AMX|FMX|주가지수|유럽 지수","IBKR_MARGIN_20260924","","2026-09-24","",""
"ibkr:FTA:FTI","유럽 지수 · FTI","AMS EOE INDEX","equity_index","equity_index_europe","","FTA","EOE","FTI","EUR","unspecified","exchange_product","source_listed","source_rule","false","유럽 지수 · FTI|AMS EOE INDEX|FTA|EOE|FTI|주가지수|유럽 지수","IBKR_MARGIN_20260924","","2026-09-24","",""
"ibkr:FTA:MFA","유럽 지수 · MFA","AMS EOE INDEX","equity_index","equity_index_europe","","FTA","EOE","MFA","EUR","unspecified","exchange_product","source_listed","source_rule","false","유럽 지수 · MFA|AMS EOE INDEX|FTA|EOE|MFA|주가지수|유럽 지수","IBKR_MARGIN_20260924","","2026-09-24","",""
"ibkr:IDEM:FIB","유럽 지수 · FIB","FTSE MIB INDEX","equity_index","equity_index_europe","","IDEM","FTMIB","FIB","EUR","unspecified","exchange_product","source_listed","source_rule","false","유럽 지수 · FIB|FTSE MIB INDEX|IDEM|FTMIB|FIB|주가지수|유럽 지수","IBKR_MARGIN_20260924","","2026-09-24","",""
"ibkr:IDEM:MICR","유럽 지수 · MICR","FTSE MIB INDEX","equity_index","equity_index_europe","","IDEM","FTMIB","MICR","EUR","unspecified","exchange_product","source_listed","source_rule","false","유럽 지수 · MICR|FTSE MIB INDEX|IDEM|FTMIB|MICR|주가지수|유럽 지수","IBKR_MARGIN_20260924","","2026-09-24","",""
"ibkr:MEFFRV:IBX","유럽 지수 · IBX","IBEX 35 INDEX","equity_index","equity_index_europe","","MEFFRV","IBEX35","IBX","EUR","unspecified","exchange_product","source_listed","source_rule","false","유럽 지수 · IBX|IBEX 35 INDEX|MEFFRV|IBEX35|IBX|주가지수|유럽 지수","IBKR_MARGIN_20260924","","2026-09-24","",""
"ibkr:MEFFRV:MIX","유럽 지수 · MIX","IBEX 35 INDEX MINI","equity_index","equity_index_europe","","MEFFRV","IBEX","MIX","EUR","mini","exchange_product","source_listed","source_rule","false","유럽 지수 · MIX|IBEX 35 INDEX MINI|MEFFRV|IBEX|MIX|주가지수|유럽 지수","IBKR_MARGIN_20260924","","2026-09-24","",""
"ibkr:MONEP:EPE","유럽 지수 · EPE","FTSE EPRA/NAREIT EURO ZONE","equity_index","equity_index_europe","","MONEP","EPEU","EPE","EUR","unspecified","exchange_product","source_listed","source_rule","false","유럽 지수 · EPE|FTSE EPRA/NAREIT EURO ZONE|MONEP|EPEU|EPE|주가지수|유럽 지수","IBKR_MARGIN_20260924","","2026-09-24","",""
"ibkr:MONEP:EPR","유럽 지수 · EPR","FTSE EPRA/NAREIT EUROPE","equity_index","equity_index_europe","","MONEP","EPRA","EPR","EUR","unspecified","exchange_product","source_listed","source_rule","false","유럽 지수 · EPR|FTSE EPRA/NAREIT EUROPE|MONEP|EPRA|EPR|주가지수|유럽 지수","IBKR_MARGIN_20260924","","2026-09-24","",""
"ibkr:MONEP:FCE","유럽 지수 · FCE","CAC 40","equity_index","equity_index_europe","","MONEP","CAC40","FCE","EUR","unspecified","exchange_product","source_listed","source_rule","false","유럽 지수 · FCE|CAC 40|MONEP|CAC40|FCE|주가지수|유럽 지수","IBKR_MARGIN_20260924","","2026-09-24","",""
"ibkr:MONEP:FEF","유럽 지수 · FEF","FTSEUROFIRST 80 NEW","equity_index","equity_index_europe","","MONEP","FEF","FEF","EUR","unspecified","exchange_product","source_listed","source_rule","false","유럽 지수 · FEF|FTSEUROFIRST 80 NEW|MONEP|FEF|주가지수|유럽 지수","IBKR_MARGIN_20260924","","2026-09-24","",""
"ibkr:MONEP:FEO","유럽 지수 · FEO","FTSEUROFIRST 100 NEW","equity_index","equity_index_europe","","MONEP","FEO","FEO","EUR","unspecified","exchange_product","source_listed","source_rule","false","유럽 지수 · FEO|FTSEUROFIRST 100 NEW|MONEP|FEO|주가지수|유럽 지수","IBKR_MARGIN_20260924","","2026-09-24","",""
"ibkr:MONEP:MFC","유럽 지수 · MFC","CAC 40","equity_index","equity_index_europe","","MONEP","CAC40","MFC","EUR","unspecified","exchange_product","source_listed","source_rule","false","유럽 지수 · MFC|CAC 40|MONEP|CAC40|MFC|주가지수|유럽 지수","IBKR_MARGIN_20260924","","2026-09-24","",""
"ibkr:OMS:OMXESG","유럽 지수 · OMXESG","OMXS30 ESG RESPONSIBLE INDEX","equity_index","equity_index_europe","","OMS","OMXESG","OMXESG","SEK","unspecified","exchange_product","source_listed","source_rule","false","유럽 지수 · OMXESG|OMXS30 ESG RESPONSIBLE INDEX|OMS|OMXESG|주가지수|유럽 지수","IBKR_MARGIN_20260924","","2026-09-24","",""
"ibkr:OMS:OMXS30","유럽 지수 · OMXS30","OMX INDEX (SWEDEN)","equity_index","equity_index_europe","","OMS","OMXS30","OMXS30","SEK","unspecified","exchange_product","source_listed","source_rule","false","유럽 지수 · OMXS30|OMX INDEX (SWEDEN)|OMS|OMXS30|주가지수|유럽 지수","IBKR_MARGIN_20260924","","2026-09-24","",""
"ibkr:BURSAMY:FKLI","말레이시아 KLCI 지수","FKLI","equity_index","equity_index_asia","","BURSAMY","FBMKLCI","FKLI","MYR","unspecified","exchange_product","source_listed","manual","false","말레이시아 KLCI 지수|FKLI|BURSAMY|FBMKLCI|주가지수|아시아 지수","IBKR_MARGIN_20260924","","2026-09-24","",""
"ibkr:CME:ENY","아시아 지수 · ENY","YEN DENOMINATED NIKKEI 225 INDEX","equity_index","equity_index_asia","","CME","NIY","ENY","JPY","unspecified","exchange_product","source_listed","source_rule","false","아시아 지수 · ENY|YEN DENOMINATED NIKKEI 225 INDEX|CME|NIY|ENY|주가지수|아시아 지수","IBKR_MARGIN_20260924","","2026-09-24","",""
"ibkr:CME:MCA","아시아 지수 · MCA","MSCI CHINA A 50 CONNECT INDEX","equity_index","equity_index_asia","","CME","MCA.X","MCA","USD","unspecified","exchange_product","source_listed","source_rule","false","아시아 지수 · MCA|MSCI CHINA A 50 CONNECT INDEX|CME|MCA.X|MCA|주가지수|아시아 지수","IBKR_MARGIN_20260924","","2026-09-24","",""
"ibkr:CME:MNI","아시아 지수 · MNI","MICRO YEN DENOMINATED NIKKEI 225","equity_index","equity_index_asia","","CME","MNI","MNI","JPY","micro","exchange_product","source_listed","source_rule","false","아시아 지수 · MNI|MICRO YEN DENOMINATED NIKKEI 225|CME|MNI|주가지수|아시아 지수","IBKR_MARGIN_20260924","","2026-09-24","",""
"ibkr:CME:MNK","아시아 지수 · MNK","MICRO DOLLAR DENOMINATED NIKKEI 225","equity_index","equity_index_asia","","CME","MNK","MNK","USD","micro","exchange_product","source_listed","source_rule","false","아시아 지수 · MNK|MICRO DOLLAR DENOMINATED NIKKEI 225|CME|MNK|주가지수|아시아 지수","IBKR_MARGIN_20260924","","2026-09-24","",""
"ibkr:CME:NIY","아시아 지수 · NIY","YEN DENOMINATED NIKKEI 225 INDEX","equity_index","equity_index_asia","","CME","NIY","NIY","JPY","unspecified","exchange_product","source_listed","source_rule","false","아시아 지수 · NIY|YEN DENOMINATED NIKKEI 225 INDEX|CME|NIY|주가지수|아시아 지수","IBKR_MARGIN_20260924","","2026-09-24","",""
"ibkr:CME:NKD","아시아 지수 · NKD","DOLLAR DENOMINATED NIKKEI 225 INDEX","equity_index","equity_index_asia","","CME","NKD","NKD","USD","unspecified","exchange_product","source_listed","source_rule","false","아시아 지수 · NKD|DOLLAR DENOMINATED NIKKEI 225 INDEX|CME|NKD|주가지수|아시아 지수","IBKR_MARGIN_20260924","","2026-09-24","",""
"ibkr:HKFE:CHH","아시아 지수 · CHH","CES CHINA 120 INDEX","equity_index","equity_index_asia","","HKFE","CES120","CHH","HKD","unspecified","exchange_product","source_listed","source_rule","false","아시아 지수 · CHH|CES CHINA 120 INDEX|HKFE|CES120|CHH|주가지수|아시아 지수","IBKR_MARGIN_20260924","","2026-09-24","",""
"ibkr:HKFE:HHI","항셍 중국기업","HANG SENG CHINA ENTERPRISE INDEX","equity_index","equity_index_asia","","HKFE","HHI.HK","HHI","HKD","unspecified","exchange_product","source_listed","manual","false","항셍 중국기업|HANG SENG CHINA ENTERPRISE INDEX|HKFE|HHI.HK|HHI|주가지수|아시아 지수","IBKR_MARGIN_20260924","","2026-09-24","",""
"ibkr:HKFE:HSI","항셍","HANG SENG STOCK INDEX","equity_index","equity_index_asia","","HKFE","HSI","HSI","HKD","unspecified","exchange_product","source_listed","manual","false","항셍|HANG SENG STOCK INDEX|HKFE|HSI|주가지수|아시아 지수","IBKR_MARGIN_20260924","","2026-09-24","",""
"ibkr:HKFE:HTI","항셍 테크","HANG SENG TECH INDEX","equity_index","equity_index_asia","","HKFE","HSTECH","HTI","HKD","unspecified","exchange_product","source_listed","manual","false","항셍 테크|HANG SENG TECH INDEX|HKFE|HSTECH|HTI|주가지수|아시아 지수","IBKR_MARGIN_20260924","","2026-09-24","",""
"ibkr:HKFE:MCA","아시아 지수 · MCA","MSCI CHINA A 50 CONNECT INDEX","equity_index","equity_index_asia","","HKFE","MCA","MCA","USD","unspecified","exchange_product","source_listed","source_rule","false","아시아 지수 · MCA|MSCI CHINA A 50 CONNECT INDEX|HKFE|MCA|주가지수|아시아 지수","IBKR_MARGIN_20260924","","2026-09-24","",""
"ibkr:HKFE:MCH","미니 항셍 중국기업","MINI-HANG SENG CHINA ENTERPRISES INDEX","equity_index","equity_index_asia","","HKFE","MCH.HK","MCH","HKD","mini","exchange_product","source_listed","manual","false","미니 항셍 중국기업|MINI-HANG SENG CHINA ENTERPRISES INDEX|HKFE|MCH.HK|MCH|주가지수|아시아 지수","IBKR_MARGIN_20260924","","2026-09-24","",""
"ibkr:HKFE:MHI","미니 항셍","MINI HANG SENG INDEX","equity_index","equity_index_asia","","HKFE","MHI","MHI","HKD","mini","exchange_product","source_listed","manual","false","미니 항셍|MINI HANG SENG INDEX|HKFE|MHI|주가지수|아시아 지수","IBKR_MARGIN_20260924","","2026-09-24","",""
"ibkr:HKFE:MND","아시아 지수 · MND","MSCI INDIA INDEX (USD) - HKFE","equity_index","equity_index_asia","","HKFE","MND","MND","USD","unspecified","exchange_product","source_listed","source_rule","false","아시아 지수 · MND|MSCI INDIA INDEX (USD) - HKFE|HKFE|MND|주가지수|아시아 지수","IBKR_MARGIN_20260924","","2026-09-24","",""
"ibkr:HKFE:MTW","아시아 지수 · MTW","MSCI TAIWAN (USD) INDEX - HKFE","equity_index","equity_index_asia","","HKFE","MTW","MTW","USD","unspecified","exchange_product","source_listed","source_rule","false","아시아 지수 · MTW|MSCI TAIWAN (USD) INDEX - HKFE|HKFE|MTW|주가지수|아시아 지수","IBKR_MARGIN_20260924","","2026-09-24","",""
"ibkr:KSE:01","코스피200","KOSPI200 INDEX","equity_index","equity_index_asia","","KSE","K200","01","KRW","standard","exchange_product","source_listed","manual","false","코스피200|KOSPI200 INDEX|KSE|K200|01|주가지수|아시아 지수","IBKR_MARGIN_20260924","","2026-09-24","",""
"ibkr:KSE:05","미니 코스피200","MINI KOSPI200 INDEX","equity_index","equity_index_asia","","KSE","K200M","05","KRW","mini","exchange_product","source_listed","manual","false","미니 코스피200|MINI KOSPI200 INDEX|KSE|K200M|05|주가지수|아시아 지수","IBKR_MARGIN_20260924","","2026-09-24","",""
"ibkr:KSE:06","코스닥150","KOSDAQ 150 INDEX","equity_index","equity_index_asia","","KSE","KOSDQ150","06","KRW","unspecified","exchange_product","source_listed","manual","false","코스닥150|KOSDAQ 150 INDEX|KSE|KOSDQ150|06|주가지수|아시아 지수","IBKR_MARGIN_20260924","","2026-09-24","",""
"ibkr:NSE:BANKNIFTY","아시아 지수 · BANKNIFTY","NIFTY BANK","equity_index","equity_index_asia","","NSE","BANKNIFTY","BANKNIFTY","INR","unspecified","exchange_product","source_listed","source_rule","false","아시아 지수 · BANKNIFTY|NIFTY BANK|NSE|BANKNIFTY|주가지수|아시아 지수","IBKR_MARGIN_20260924","","2026-09-24","",""
"ibkr:NSE:FINNIFTY","아시아 지수 · FINNIFTY","NSE NIFTY FINANCIAL SERVICES INDEX FUTURES","equity_index","equity_index_asia","","NSE","NSEFIN","FINNIFTY","INR","unspecified","exchange_product","source_listed","source_rule","false","아시아 지수 · FINNIFTY|NSE NIFTY FINANCIAL SERVICES INDEX FUTURES|NSE|NSEFIN|FINNIFTY|주가지수|아시아 지수","IBKR_MARGIN_20260924","","2026-09-24","",""
"ibkr:NSE:MIDCPNIFTY","아시아 지수 · MIDCPNIFTY","NIFTY MIDCAP SELECT","equity_index","equity_index_asia","","NSE","MIDCAPSEL","MIDCPNIFTY","INR","unspecified","exchange_product","source_listed","source_rule","false","아시아 지수 · MIDCPNIFTY|NIFTY MIDCAP SELECT|NSE|MIDCAPSEL|MIDCPNIFTY|주가지수|아시아 지수","IBKR_MARGIN_20260924","","2026-09-24","",""
"ibkr:NSE:NIFTY","아시아 지수 · NIFTY","SGX NSE IFSC NIFTY 50 INDEX","equity_index","equity_index_asia","","NSE","NIFTY50","NIFTY","INR","unspecified","exchange_product","source_listed","source_rule","false","아시아 지수 · NIFTY|SGX NSE IFSC NIFTY 50 INDEX|NSE|NIFTY50|NIFTY|주가지수|아시아 지수","IBKR_MARGIN_20260924","","2026-09-24","",""
"ibkr:OSE.JPN:225","닛케이225","NIKKEI 225","equity_index","equity_index_asia","nikkei225","OSE.JPN","N225","225","JPY","standard","exchange_product","source_listed","manual","false","닛케이225|NIKKEI 225|OSE.JPN|N225|225|nikkei225|주가지수|아시아 지수|니케이|닛케이|일본|nikkei","IBKR_MARGIN_20260924","","2026-09-24","",""
"ibkr:OSE.JPN:225M","미니 닛케이225","NIKKEI 225 MINI","equity_index","equity_index_asia","nikkei225","OSE.JPN","N225M","225M","JPY","mini","exchange_product","source_listed","manual","false","미니 닛케이225|NIKKEI 225 MINI|OSE.JPN|N225M|225M|nikkei225|주가지수|아시아 지수|니케이|닛케이|일본|nikkei","IBKR_MARGIN_20260924","","2026-09-24","",""
"ibkr:OSE.JPN:225MC","마이크로 닛케이225","NIKKEI 225 MICRO","equity_index","equity_index_asia","nikkei225","OSE.JPN","N225MC","225MC","JPY","micro","exchange_product","source_listed","manual","false","마이크로 닛케이225|NIKKEI 225 MICRO|OSE.JPN|N225MC|225MC|nikkei225|주가지수|아시아 지수|니케이|닛케이|일본|nikkei","IBKR_MARGIN_20260924","","2026-09-24","",""
"ibkr:OSE.JPN:400","아시아 지수 · 400","JPX-NIKKEI INDEX 400","equity_index","equity_index_asia","","OSE.JPN","JPNK400","400","JPY","unspecified","exchange_product","source_listed","source_rule","false","아시아 지수 · 400|JPX-NIKKEI INDEX 400|OSE.JPN|JPNK400|400|주가지수|아시아 지수","IBKR_MARGIN_20260924","","2026-09-24","",""
"ibkr:OSE.JPN:C30","아시아 지수 · C30","TOPIX CORE30","equity_index","equity_index_asia","","OSE.JPN","TPXC30","C30","JPY","unspecified","exchange_product","source_listed","source_rule","false","아시아 지수 · C30|TOPIX CORE30|OSE.JPN|TPXC30|C30|주가지수|아시아 지수","IBKR_MARGIN_20260924","","2026-09-24","",""
"ibkr:OSE.JPN:DJIA","아시아 지수 · DJIA","OSE DOW JONES INDUSTRIAL AVERAGE","equity_index","equity_index_asia","","OSE.JPN","DJIA","DJIA","JPY","unspecified","exchange_product","source_listed","source_rule","false","아시아 지수 · DJIA|OSE DOW JONES INDUSTRIAL AVERAGE|OSE.JPN|DJIA|주가지수|아시아 지수","IBKR_MARGIN_20260924","","2026-09-24","",""
"ibkr:OSE.JPN:MOTH","아시아 지수 · MOTH","TSE GROWTH MARKET 250 INDEX","equity_index","equity_index_asia","","OSE.JPN","TSEMOTHR","MOTH","JPY","unspecified","exchange_product","source_listed","source_rule","false","아시아 지수 · MOTH|TSE GROWTH MARKET 250 INDEX|OSE.JPN|TSEMOTHR|MOTH|주가지수|아시아 지수","IBKR_MARGIN_20260924","","2026-09-24","",""
"ibkr:OSE.JPN:REIT","아시아 지수 · REIT","TSE REIT INDEX","equity_index","equity_index_asia","","OSE.JPN","TSEREIT","REIT","JPY","unspecified","exchange_product","source_listed","source_rule","false","아시아 지수 · REIT|TSE REIT INDEX|OSE.JPN|TSEREIT|REIT|주가지수|아시아 지수","IBKR_MARGIN_20260924","","2026-09-24","",""
"ibkr:OSE.JPN:TPX","아시아 지수 · TPX","TOPIX INDEX","equity_index","equity_index_asia","","OSE.JPN","TOPX","TPX","JPY","unspecified","exchange_product","source_listed","source_rule","false","아시아 지수 · TPX|TOPIX INDEX|OSE.JPN|TOPX|TPX|주가지수|아시아 지수","IBKR_MARGIN_20260924","","2026-09-24","",""
"ibkr:OSE.JPN:TPXM","아시아 지수 · TPXM","JAPAN MINI TOPIX","equity_index","equity_index_asia","","OSE.JPN","MNTPX","TPXM","JPY","mini","exchange_product","source_listed","source_rule","false","아시아 지수 · TPXM|JAPAN MINI TOPIX|OSE.JPN|MNTPX|TPXM|주가지수|아시아 지수","IBKR_MARGIN_20260924","","2026-09-24","",""
"ibkr:SGX:CN","아시아 지수 · CN","FTSE/XINHUA CHINA A50","equity_index","equity_index_asia","","SGX","XINA50","CN","USD","unspecified","exchange_product","source_listed","source_rule","false","아시아 지수 · CN|FTSE/XINHUA CHINA A50|SGX|XINA50|CN|주가지수|아시아 지수","IBKR_MARGIN_20260924","","2026-09-24","",""
"ibkr:SGX:FCH","아시아 지수 · FCH","FTSE CHINA H50","equity_index","equity_index_asia","","SGX","XIN0I","FCH","USD","unspecified","exchange_product","source_listed","source_rule","false","아시아 지수 · FCH|FTSE CHINA H50|SGX|XIN0I|FCH|주가지수|아시아 지수","IBKR_MARGIN_20260924","","2026-09-24","",""
"ibkr:SGX:FID","아시아 지수 · FID","FTSE INDONESIA INDEX","equity_index","equity_index_asia","","SGX","WIIDN","FID","USD","unspecified","exchange_product","source_listed","source_rule","false","아시아 지수 · FID|FTSE INDONESIA INDEX|SGX|WIIDN|FID|주가지수|아시아 지수","IBKR_MARGIN_20260924","","2026-09-24","",""
"ibkr:SGX:FVN","아시아 지수 · FVN","FTSE VIETNAM 30 PRICE RETURN INDEX","equity_index","equity_index_asia","","SGX","FIVNM30","FVN","USD","unspecified","exchange_product","source_listed","source_rule","false","아시아 지수 · FVN|FTSE VIETNAM 30 PRICE RETURN INDEX|SGX|FIVNM30|FVN|주가지수|아시아 지수","IBKR_MARGIN_20260924","","2026-09-24","",""
"ibkr:SGX:MTWN","아시아 지수 · MTWN","FTSE TAIWAN RIC CAPPED PRICE RETURN TWD INDEX (MICRO)","equity_index","equity_index_asia","","SGX","MTWN","MTWN","USD","micro","exchange_product","source_listed","source_rule","false","아시아 지수 · MTWN|FTSE TAIWAN RIC CAPPED PRICE RETURN TWD INDEX (MICRO)|SGX|MTWN|주가지수|아시아 지수","IBKR_MARGIN_20260924","","2026-09-24","",""
"ibkr:SGX:NIFTY","아시아 지수 · NIFTY","SGX NSE IFSC NIFTY 50 INDEX","equity_index","equity_index_asia","","SGX","NIFTY","NIFTY","USD","unspecified","exchange_product","source_listed","source_rule","false","아시아 지수 · NIFTY|SGX NSE IFSC NIFTY 50 INDEX|SGX|NIFTY|주가지수|아시아 지수","IBKR_MARGIN_20260924","","2026-09-24","",""
"ibkr:SGX:NK","아시아 지수 · NK","SGX: NIKKEI 225","equity_index","equity_index_asia","","SGX","SGXNK","NK","JPY","unspecified","exchange_product","source_listed","source_rule","false","아시아 지수 · NK|SGX: NIKKEI 225|SGX|SGXNK|NK|주가지수|아시아 지수","IBKR_MARGIN_20260924","","2026-09-24","",""
"ibkr:SGX:NS","아시아 지수 · NS","SGX: NIKKEI 225 MICRO","equity_index","equity_index_asia","","SGX","SGXNKM","NS","JPY","micro","exchange_product","source_listed","source_rule","false","아시아 지수 · NS|SGX: NIKKEI 225 MICRO|SGX|SGXNKM|NS|주가지수|아시아 지수","IBKR_MARGIN_20260924","","2026-09-24","",""
"ibkr:SGX:NU","아시아 지수 · NU","SGX: USD NIKKEI 225 INDEX","equity_index","equity_index_asia","","SGX","N225U","NU","USD","unspecified","exchange_product","source_listed","source_rule","false","아시아 지수 · NU|SGX: USD NIKKEI 225 INDEX|SGX|N225U|NU|주가지수|아시아 지수","IBKR_MARGIN_20260924","","2026-09-24","",""
"ibkr:SGX:SGP","아시아 지수 · SGP","MSCI SINGAPORE FREE INDEX","equity_index","equity_index_asia","","SGX","SSG","SGP","SGD","unspecified","exchange_product","source_listed","source_rule","false","아시아 지수 · SGP|MSCI SINGAPORE FREE INDEX|SGX|SSG|SGP|주가지수|아시아 지수","IBKR_MARGIN_20260924","","2026-09-24","",""
"ibkr:SGX:ST","아시아 지수 · ST","SGX STRAITS TIMES INDEX","equity_index","equity_index_asia","","SGX","STI","ST","SGD","unspecified","exchange_product","source_listed","source_rule","false","아시아 지수 · ST|SGX STRAITS TIMES INDEX|SGX|STI|ST|주가지수|아시아 지수","IBKR_MARGIN_20260924","","2026-09-24","",""
"ibkr:SGX:TWN","아시아 지수 · TWN","FTSE TAIWAN RIC CAPPED PRICE RETURN TWD INDEX","equity_index","equity_index_asia","","SGX","TWN","TWN","USD","unspecified","exchange_product","source_listed","source_rule","false","아시아 지수 · TWN|FTSE TAIWAN RIC CAPPED PRICE RETURN TWD INDEX|SGX|TWN|주가지수|아시아 지수","IBKR_MARGIN_20260924","","2026-09-24","",""
"ibkr:B3:IND","보베스파 지수","Ibovespa Futures","equity_index","equity_index_other","","B3","IND","IND","BRL","unspecified","exchange_product","name_enriched","manual","false","보베스파 지수|Ibovespa Futures|B3|IND|주가지수|기타·글로벌 지수","IBKR_MARGIN_20260924","B3_PRODUCTS","2026-09-24","","공식 출처로 표시명을 보강. 원문은 RawSource에 보존."
"ibkr:B3:SML","브라질 소형주 지수","Small Cap Futures","equity_index","equity_index_other","","B3","SML","SML","BRL","unspecified","exchange_product","name_enriched","manual","false","브라질 소형주 지수|Small Cap Futures|B3|SML|주가지수|기타·글로벌 지수","IBKR_MARGIN_20260924","B3_SMALLCAP","2026-09-24","","공식 출처로 표시명을 보강. 원문은 RawSource에 보존."
"ibkr:B3:WIN","미니 보베스파 지수","Mini Ibovespa Futures","equity_index","equity_index_other","","B3","WIN","WIN","BRL","unspecified","exchange_product","name_enriched","manual","false","미니 보베스파 지수|Mini Ibovespa Futures|B3|WIN|주가지수|기타·글로벌 지수","IBKR_MARGIN_20260924","B3_PRODUCTS","2026-09-24","","공식 출처로 표시명을 보강. 원문은 RawSource에 보존."
"ibkr:CDE:SXF","기타·글로벌 지수 · SXF","S&P CANADA 60 INDEX FUTURES (OLD TSE60)","equity_index","equity_index_other","","CDE","TSE60","SXF","CAD","unspecified","exchange_product","source_listed","source_rule","false","기타·글로벌 지수 · SXF|S&P CANADA 60 INDEX FUTURES (OLD TSE60)|CDE|TSE60|SXF|주가지수|기타·글로벌 지수","IBKR_MARGIN_20260924","","2026-09-24","",""
"ibkr:CDE:SXM","기타·글로벌 지수 · SXM","S&P CANADA 60 INDEX FUTURES (OLD TSE60)","equity_index","equity_index_other","","CDE","TSE60","SXM","CAD","unspecified","exchange_product","source_listed","source_rule","false","기타·글로벌 지수 · SXM|S&P CANADA 60 INDEX FUTURES (OLD TSE60)|CDE|TSE60|SXM|주가지수|기타·글로벌 지수","IBKR_MARGIN_20260924","","2026-09-24","",""
"ibkr:CME:IBV","기타·글로벌 지수 · IBV","BOVESPA INDEX - USD","equity_index","equity_index_other","","CME","IBAA","IBV","USD","unspecified","exchange_product","source_listed","source_rule","false","기타·글로벌 지수 · IBV|BOVESPA INDEX - USD|CME|IBAA|IBV|주가지수|기타·글로벌 지수","IBKR_MARGIN_20260924","","2026-09-24","",""
"ibkr:ICEEU:MCG","기타·글로벌 지수 · MCG","THE MSCI BRAZIL NET TOTAL RETURN","equity_index","equity_index_other","","ICEEU","NDUEBRAF","MCG","USD","unspecified","exchange_product","source_listed","source_rule","false","기타·글로벌 지수 · MCG|THE MSCI BRAZIL NET TOTAL RETURN|ICEEU|NDUEBRAF|MCG|주가지수|기타·글로벌 지수","IBKR_MARGIN_20260924","","2026-09-24","",""
"ibkr:ICEEU:Y2","기타·글로벌 지수 · Y2","FTSE 250 INDEX","equity_index","equity_index_other","","ICEEU","Y","Y2","GBP","unspecified","exchange_product","source_listed","source_rule","false","기타·글로벌 지수 · Y2|FTSE 250 INDEX|ICEEU|Y|Y2|주가지수|기타·글로벌 지수","IBKR_MARGIN_20260924","","2026-09-24","",""
"ibkr:ICEEU:Z","기타·글로벌 지수 · Z","FTSE 100 INDEX","equity_index","equity_index_other","","ICEEU","Z","Z","GBP","unspecified","exchange_product","source_listed","source_rule","false","기타·글로벌 지수 · Z|FTSE 100 INDEX|ICEEU|Z|주가지수|기타·글로벌 지수","IBKR_MARGIN_20260924","","2026-09-24","",""
"ibkr:MEXDER:IPC","기타·글로벌 지수 · IPC","MEXICO BOLSA (IPC) INDEX","equity_index","equity_index_other","","MEXDER","IPC","IPC","MXN","unspecified","exchange_product","source_listed","source_rule","false","기타·글로벌 지수 · IPC|MEXICO BOLSA (IPC) INDEX|MEXDER|IPC|주가지수|기타·글로벌 지수","IBKR_MARGIN_20260924","","2026-09-24","",""
"ibkr:MEXDER:MIP","기타·글로벌 지수 · MIP","MEXICO BOLSA (IPC) INDEX","equity_index","equity_index_other","","MEXDER","IPC","MIP","MXN","unspecified","exchange_product","source_listed","source_rule","false","기타·글로벌 지수 · MIP|MEXICO BOLSA (IPC) INDEX|MEXDER|IPC|MIP|주가지수|기타·글로벌 지수","IBKR_MARGIN_20260924","","2026-09-24","",""
"ibkr:NYBOT:FNG","기타·글로벌 지수 · FNG","NYSE FANG+ INDEX","equity_index","equity_index_other","","NYBOT","NYFANG","FNG","USD","unspecified","exchange_product","source_listed","source_rule","false","기타·글로벌 지수 · FNG|NYSE FANG+ INDEX|NYBOT|NYFANG|FNG|주가지수|기타·글로벌 지수","IBKR_MARGIN_20260924","","2026-09-24","",""
"ibkr:NYSELIFFE:ASN","기타·글로벌 지수 · ASN","MSCI EMERGING MARKETS ASIA NET TOTAL RETURN (NTR)","equity_index","equity_index_other","","NYSELIFFE","M1MSA","ASN","USD","unspecified","exchange_product","source_listed","source_rule","false","기타·글로벌 지수 · ASN|MSCI EMERGING MARKETS ASIA NET TOTAL RETURN (NTR)|NYSELIFFE|M1MSA|ASN|주가지수|기타·글로벌 지수","IBKR_MARGIN_20260924","","2026-09-24","",""
"ibkr:NYSELIFFE:EU9","기타·글로벌 지수 · EU9","MSCI EUROPE NTR","equity_index","equity_index_other","","NYSELIFFE","M1EU","EU9","USD","unspecified","exchange_product","source_listed","source_rule","false","기타·글로벌 지수 · EU9|MSCI EUROPE NTR|NYSELIFFE|M1EU|EU9|주가지수|기타·글로벌 지수","IBKR_MARGIN_20260924","","2026-09-24","",""
"ibkr:NYSELIFFE:JPP","기타·글로벌 지수 · JPP","THE MSCI JAPAN NTR","equity_index","equity_index_other","","NYSELIFFE","M1JP","JPP","USD","unspecified","exchange_product","source_listed","source_rule","false","기타·글로벌 지수 · JPP|THE MSCI JAPAN NTR|NYSELIFFE|M1JP|JPP|주가지수|기타·글로벌 지수","IBKR_MARGIN_20260924","","2026-09-24","",""
"ibkr:NYSELIFFE:MFS","기타·글로벌 지수 · MFS","MSCI EAFE INDEX","equity_index","equity_index_other","","NYSELIFFE","MXEA","MFS","USD","unspecified","exchange_product","source_listed","source_rule","false","기타·글로벌 지수 · MFS|MSCI EAFE INDEX|NYSELIFFE|MXEA|MFS|주가지수|기타·글로벌 지수","IBKR_MARGIN_20260924","","2026-09-24","",""
"ibkr:NYSELIFFE:MME","기타·글로벌 지수 · MME","MSCI EMERGING MARKETS INDEX","equity_index","equity_index_other","","NYSELIFFE","MXEF","MME","USD","unspecified","exchange_product","source_listed","source_rule","false","기타·글로벌 지수 · MME|MSCI EMERGING MARKETS INDEX|NYSELIFFE|MXEF|MME|주가지수|기타·글로벌 지수","IBKR_MARGIN_20260924","","2026-09-24","",""
"ibkr:NYSELIFFE:MUN","기타·글로벌 지수 · MUN","MSCI USA INDEX","equity_index","equity_index_other","","NYSELIFFE","MXUS","MUN","USD","unspecified","exchange_product","source_listed","source_rule","false","기타·글로벌 지수 · MUN|MSCI USA INDEX|NYSELIFFE|MXUS|MUN|주가지수|기타·글로벌 지수","IBKR_MARGIN_20260924","","2026-09-24","",""
"ibkr:SNFE:AP","기타·글로벌 지수 · AP","S&P/ASX 200 INDEX (AUSTRALIA)","equity_index","equity_index_other","","SNFE","SPI","AP","AUD","unspecified","exchange_product","source_listed","source_rule","false","기타·글로벌 지수 · AP|S&P/ASX 200 INDEX (AUSTRALIA)|SNFE|SPI|AP|주가지수|기타·글로벌 지수","IBKR_MARGIN_20260924","","2026-09-24","",""
"ibkr:CME:BIO","업종 지수 · BIO","CME E-MINI NASDAQ BIOTECHNOLOGY","equity_index","equity_index_sector","","CME","BQX","BIO","USD","mini","exchange_product","source_listed","source_rule","false","업종 지수 · BIO|CME E-MINI NASDAQ BIOTECHNOLOGY|CME|BQX|BIO|주가지수|업종 지수","IBKR_MARGIN_20260924","","2026-09-24","",""
"ibkr:CME:XAB","업종 지수 · XAB","MATERIALS SELECT SECTOR INDEX","equity_index","equity_index_sector","","CME","IXB","XAB","USD","unspecified","exchange_product","source_listed","source_rule","false","업종 지수 · XAB|MATERIALS SELECT SECTOR INDEX|CME|IXB|XAB|주가지수|업종 지수","IBKR_MARGIN_20260924","","2026-09-24","",""
"ibkr:CME:XAE","업종 지수 · XAE","ENERGY SELECT SECTOR INDEX","equity_index","equity_index_sector","","CME","IXE","XAE","USD","unspecified","exchange_product","source_listed","source_rule","false","업종 지수 · XAE|ENERGY SELECT SECTOR INDEX|CME|IXE|XAE|주가지수|업종 지수","IBKR_MARGIN_20260924","","2026-09-24","",""
"ibkr:CME:XAF","업종 지수 · XAF","FINANCIAL SELECT SECTOR INDEX","equity_index","equity_index_sector","","CME","SIXM","XAF","USD","unspecified","exchange_product","source_listed","source_rule","false","업종 지수 · XAF|FINANCIAL SELECT SECTOR INDEX|CME|SIXM|XAF|주가지수|업종 지수","IBKR_MARGIN_20260924","","2026-09-24","",""
"ibkr:CME:XAI","업종 지수 · XAI","INDUSTRIAL SELECT SECTOR INDEX","equity_index","equity_index_sector","","CME","IXI","XAI","USD","unspecified","exchange_product","source_listed","source_rule","false","업종 지수 · XAI|INDUSTRIAL SELECT SECTOR INDEX|CME|IXI|XAI|주가지수|업종 지수","IBKR_MARGIN_20260924","","2026-09-24","",""
"ibkr:CME:XAK","업종 지수 · XAK","TECHNOLOGY SELECT SECTOR INDEX -","equity_index","equity_index_sector","","CME","SIXT","XAK","USD","unspecified","exchange_product","source_listed","source_rule","false","업종 지수 · XAK|TECHNOLOGY SELECT SECTOR INDEX -|CME|SIXT|XAK|주가지수|업종 지수","IBKR_MARGIN_20260924","","2026-09-24","",""
"ibkr:CME:XAP","업종 지수 · XAP","CONSUMER STAPLES SELECT SECTOR INDEX","equity_index","equity_index_sector","","CME","IXR","XAP","USD","unspecified","exchange_product","source_listed","source_rule","false","업종 지수 · XAP|CONSUMER STAPLES SELECT SECTOR INDEX|CME|IXR|XAP|주가지수|업종 지수","IBKR_MARGIN_20260924","","2026-09-24","",""
"ibkr:CME:XAR","업종 지수 · XAR","REAL ESTATE SELECT SECTOR INDEX","equity_index","equity_index_sector","","CME","SIXRE","XAR","USD","unspecified","exchange_product","source_listed","source_rule","false","업종 지수 · XAR|REAL ESTATE SELECT SECTOR INDEX|CME|SIXRE|XAR|주가지수|업종 지수","IBKR_MARGIN_20260924","","2026-09-24","",""
"ibkr:CME:XAU","업종 지수 · XAU","UTILITIES SELECT SECTOR INDEX","equity_index","equity_index_sector","","CME","IXU","XAU","USD","unspecified","exchange_product","source_listed","source_rule","false","업종 지수 · XAU|UTILITIES SELECT SECTOR INDEX|CME|IXU|XAU|주가지수|업종 지수","IBKR_MARGIN_20260924","","2026-09-24","",""
"ibkr:CME:XAV","업종 지수 · XAV","HEALTH CARE SELECT SECTOR INDEX","equity_index","equity_index_sector","","CME","IXV","XAV","USD","unspecified","exchange_product","source_listed","source_rule","false","업종 지수 · XAV|HEALTH CARE SELECT SECTOR INDEX|CME|IXV|XAV|주가지수|업종 지수","IBKR_MARGIN_20260924","","2026-09-24","",""
"ibkr:CME:XAY","업종 지수 · XAY","CONSUMER DISCRETIONARY SELECT SECTOR INDEX","equity_index","equity_index_sector","","CME","IXY","XAY","USD","unspecified","exchange_product","source_listed","source_rule","false","업종 지수 · XAY|CONSUMER DISCRETIONARY SELECT SECTOR INDEX|CME|IXY|XAY|주가지수|업종 지수","IBKR_MARGIN_20260924","","2026-09-24","",""
"ibkr:CME:XAZ","업종 지수 · XAZ","COMMUNICATION SERVICES SELECT SECTOR INDEX","equity_index","equity_index_sector","","CME","XAZ","XAZ","USD","unspecified","exchange_product","source_listed","source_rule","false","업종 지수 · XAZ|COMMUNICATION SERVICES SELECT SECTOR INDEX|CME|XAZ|주가지수|업종 지수","IBKR_MARGIN_20260924","","2026-09-24","",""
"ibkr:EUREX:FESA","업종 지수 · FESA","EURO STOXX 600 AUTOMOBILE & PARTS","equity_index","equity_index_sector","","EUREX","ESA","FESA","EUR","unspecified","exchange_product","source_listed","source_rule","false","업종 지수 · FESA|EURO STOXX 600 AUTOMOBILE & PARTS|EUREX|ESA|FESA|주가지수|업종 지수","IBKR_MARGIN_20260924","","2026-09-24","",""
"ibkr:EUREX:FESB","업종 지수 · FESB","EURO STOXX BANKS INDEX","equity_index","equity_index_sector","","EUREX","SX7E","FESB","EUR","unspecified","exchange_product","source_listed","source_rule","false","업종 지수 · FESB|EURO STOXX BANKS INDEX|EUREX|SX7E|FESB|주가지수|업종 지수","IBKR_MARGIN_20260924","","2026-09-24","",""
"ibkr:EUREX:FESC","업종 지수 · FESC","EURO STOXX CHEMICALS","equity_index","equity_index_sector","","EUREX","SX4E","FESC","EUR","unspecified","exchange_product","source_listed","source_rule","false","업종 지수 · FESC|EURO STOXX CHEMICALS|EUREX|SX4E|FESC|주가지수|업종 지수","IBKR_MARGIN_20260924","","2026-09-24","",""
"ibkr:EUREX:FESE","업종 지수 · FESE","EURO STOXX OIL & GAS","equity_index","equity_index_sector","","EUREX","ESE","FESE","EUR","unspecified","exchange_product","source_listed","source_rule","false","업종 지수 · FESE|EURO STOXX OIL & GAS|EUREX|ESE|FESE|주가지수|업종 지수","IBKR_MARGIN_20260924","","2026-09-24","",""
"ibkr:EUREX:FESF","업종 지수 · FESF","EURO STOXX FINANCIAL SERVICES INDEX","equity_index","equity_index_sector","","EUREX","ESF","FESF","EUR","unspecified","exchange_product","source_listed","source_rule","false","업종 지수 · FESF|EURO STOXX FINANCIAL SERVICES INDEX|EUREX|ESF|FESF|주가지수|업종 지수","IBKR_MARGIN_20260924","","2026-09-24","",""
"ibkr:EUREX:FESG","업종 지수 · FESG","EURO STOXX INDUSTRIAL GOODS&SERVICES","equity_index","equity_index_sector","","EUREX","SXNE","FESG","EUR","unspecified","exchange_product","source_listed","source_rule","false","업종 지수 · FESG|EURO STOXX INDUSTRIAL GOODS&SERVICES|EUREX|SXNE|FESG|주가지수|업종 지수","IBKR_MARGIN_20260924","","2026-09-24","",""
"ibkr:EUREX:FESH","업종 지수 · FESH","EURO STOXX HEALTHCARE","equity_index","equity_index_sector","","EUREX","SXDE","FESH","EUR","unspecified","exchange_product","source_listed","source_rule","false","업종 지수 · FESH|EURO STOXX HEALTHCARE|EUREX|SXDE|FESH|주가지수|업종 지수","IBKR_MARGIN_20260924","","2026-09-24","",""
"ibkr:EUREX:FESI","업종 지수 · FESI","EURO STOXX INSURANCE","equity_index","equity_index_sector","","EUREX","ESI","FESI","EUR","unspecified","exchange_product","source_listed","source_rule","false","업종 지수 · FESI|EURO STOXX INSURANCE|EUREX|ESI|FESI|주가지수|업종 지수","IBKR_MARGIN_20260924","","2026-09-24","",""
"ibkr:EUREX:FESM","업종 지수 · FESM","EURO STOXX MEDIA INDEX","equity_index","equity_index_sector","","EUREX","ESM","FESM","EUR","unspecified","exchange_product","source_listed","source_rule","false","업종 지수 · FESM|EURO STOXX MEDIA INDEX|EUREX|ESM|FESM|주가지수|업종 지수","IBKR_MARGIN_20260924","","2026-09-24","",""
"ibkr:EUREX:FESN","업종 지수 · FESN","EURO STOXX CONSTRUCTION","equity_index","equity_index_sector","","EUREX","SXOE","FESN","EUR","unspecified","exchange_product","source_listed","source_rule","false","업종 지수 · FESN|EURO STOXX CONSTRUCTION|EUREX|SXOE|FESN|주가지수|업종 지수","IBKR_MARGIN_20260924","","2026-09-24","",""
"ibkr:EUREX:FESO","업종 지수 · FESO","EURO STOXX FOOD&BEVERAGES","equity_index","equity_index_sector","","EUREX","SX3E","FESO","EUR","unspecified","exchange_product","source_listed","source_rule","false","업종 지수 · FESO|EURO STOXX FOOD&BEVERAGES|EUREX|SX3E|FESO|주가지수|업종 지수","IBKR_MARGIN_20260924","","2026-09-24","",""
"ibkr:EUREX:FESR","업종 지수 · FESR","EURO STOXX RETAIL","equity_index","equity_index_sector","","EUREX","SXRE","FESR","EUR","unspecified","exchange_product","source_listed","source_rule","false","업종 지수 · FESR|EURO STOXX RETAIL|EUREX|SXRE|FESR|주가지수|업종 지수","IBKR_MARGIN_20260924","","2026-09-24","",""
"ibkr:EUREX:FESS","업종 지수 · FESS","EURO STOXX BASIC RESOURCES","equity_index","equity_index_sector","","EUREX","SXPE","FESS","EUR","unspecified","exchange_product","source_listed","source_rule","false","업종 지수 · FESS|EURO STOXX BASIC RESOURCES|EUREX|SXPE|FESS|주가지수|업종 지수","IBKR_MARGIN_20260924","","2026-09-24","",""
"ibkr:EUREX:FEST","업종 지수 · FEST","EURO STOXX TELECOMMUNICATIONS","equity_index","equity_index_sector","","EUREX","SXKE","FEST","EUR","unspecified","exchange_product","source_listed","source_rule","false","업종 지수 · FEST|EURO STOXX TELECOMMUNICATIONS|EUREX|SXKE|FEST|주가지수|업종 지수","IBKR_MARGIN_20260924","","2026-09-24","",""
"ibkr:EUREX:FESU","업종 지수 · FESU","EURO STOXX UTILITIES INDEX","equity_index","equity_index_sector","","EUREX","ESU","FESU","EUR","unspecified","exchange_product","source_listed","source_rule","false","업종 지수 · FESU|EURO STOXX UTILITIES INDEX|EUREX|ESU|FESU|주가지수|업종 지수","IBKR_MARGIN_20260924","","2026-09-24","",""
"ibkr:EUREX:FESV","업종 지수 · FESV","EURO STOXX TRAVEL & LEISURE","equity_index","equity_index_sector","","EUREX","SXTE","FESV","EUR","unspecified","exchange_product","source_listed","source_rule","false","업종 지수 · FESV|EURO STOXX TRAVEL & LEISURE|EUREX|SXTE|FESV|주가지수|업종 지수","IBKR_MARGIN_20260924","","2026-09-24","",""
"ibkr:EUREX:FESY","업종 지수 · FESY","EURO STOXX TECHNOLOGY","equity_index","equity_index_sector","","EUREX","SX8E","FESY","EUR","unspecified","exchange_product","source_listed","source_rule","false","업종 지수 · FESY|EURO STOXX TECHNOLOGY|EUREX|SX8E|FESY|주가지수|업종 지수","IBKR_MARGIN_20260924","","2026-09-24","",""
"ibkr:EUREX:FESZ","업종 지수 · FESZ","EURO STOXX PERSONAL & HOUSEHOLD GOODS","equity_index","equity_index_sector","","EUREX","SXQE","FESZ","EUR","unspecified","exchange_product","source_listed","source_rule","false","업종 지수 · FESZ|EURO STOXX PERSONAL & HOUSEHOLD GOODS|EUREX|SXQE|FESZ|주가지수|업종 지수","IBKR_MARGIN_20260924","","2026-09-24","",""
"ibkr:EUREX:FSTA","업종 지수 · FSTA","STOXX 600 AUTOMOBILES & PARTS","equity_index","equity_index_sector","","EUREX","SXAP","FSTA","EUR","unspecified","exchange_product","source_listed","source_rule","false","업종 지수 · FSTA|STOXX 600 AUTOMOBILES & PARTS|EUREX|SXAP|FSTA|주가지수|업종 지수","IBKR_MARGIN_20260924","","2026-09-24","",""
"ibkr:EUREX:FSTB","업종 지수 · FSTB","STOXX 600 BANKS","equity_index","equity_index_sector","","EUREX","SX7P","FSTB","EUR","unspecified","exchange_product","source_listed","source_rule","false","업종 지수 · FSTB|STOXX 600 BANKS|EUREX|SX7P|FSTB|주가지수|업종 지수","IBKR_MARGIN_20260924","","2026-09-24","",""
"ibkr:EUREX:FSTC","업종 지수 · FSTC","STOXX 600 CHEMICALS","equity_index","equity_index_sector","","EUREX","SX4P","FSTC","EUR","unspecified","exchange_product","source_listed","source_rule","false","업종 지수 · FSTC|STOXX 600 CHEMICALS|EUREX|SX4P|FSTC|주가지수|업종 지수","IBKR_MARGIN_20260924","","2026-09-24","",""
"ibkr:EUREX:FSTE","업종 지수 · FSTE","STOXX 600 OIL & GAS","equity_index","equity_index_sector","","EUREX","SXEP","FSTE","EUR","unspecified","exchange_product","source_listed","source_rule","false","업종 지수 · FSTE|STOXX 600 OIL & GAS|EUREX|SXEP|FSTE|주가지수|업종 지수","IBKR_MARGIN_20260924","","2026-09-24","",""
"ibkr:EUREX:FSTF","업종 지수 · FSTF","STOXX 600 FINANCIAL SERVICES INDEX","equity_index","equity_index_sector","","EUREX","SXFP","FSTF","EUR","unspecified","exchange_product","source_listed","source_rule","false","업종 지수 · FSTF|STOXX 600 FINANCIAL SERVICES INDEX|EUREX|SXFP|FSTF|주가지수|업종 지수","IBKR_MARGIN_20260924","","2026-09-24","",""
"ibkr:EUREX:FSTG","업종 지수 · FSTG","STOXX 600 INDUSTRIAL GOODS & SERVICES INDEX","equity_index","equity_index_sector","","EUREX","SXNP","FSTG","EUR","unspecified","exchange_product","source_listed","source_rule","false","업종 지수 · FSTG|STOXX 600 INDUSTRIAL GOODS & SERVICES INDEX|EUREX|SXNP|FSTG|주가지수|업종 지수","IBKR_MARGIN_20260924","","2026-09-24","",""
"ibkr:EUREX:FSTH","업종 지수 · FSTH","STOXX 600 HEALTHCARE","equity_index","equity_index_sector","","EUREX","SXDP","FSTH","EUR","unspecified","exchange_product","source_listed","source_rule","false","업종 지수 · FSTH|STOXX 600 HEALTHCARE|EUREX|SXDP|FSTH|주가지수|업종 지수","IBKR_MARGIN_20260924","","2026-09-24","",""
"ibkr:EUREX:FSTI","업종 지수 · FSTI","STOXX 600 INSURANCE","equity_index","equity_index_sector","","EUREX","SXIP","FSTI","EUR","unspecified","exchange_product","source_listed","source_rule","false","업종 지수 · FSTI|STOXX 600 INSURANCE|EUREX|SXIP|FSTI|주가지수|업종 지수","IBKR_MARGIN_20260924","","2026-09-24","",""
"ibkr:EUREX:FSTL","업종 지수 · FSTL","STOXX 600 REAL ESTATE","equity_index","equity_index_sector","","EUREX","SX86P","FSTL","EUR","unspecified","exchange_product","source_listed","source_rule","false","업종 지수 · FSTL|STOXX 600 REAL ESTATE|EUREX|SX86P|FSTL|주가지수|업종 지수","IBKR_MARGIN_20260924","","2026-09-24","",""
"ibkr:EUREX:FSTM","업종 지수 · FSTM","STOXX 600 MEDIA","equity_index","equity_index_sector","","EUREX","SXMP","FSTM","EUR","unspecified","exchange_product","source_listed","source_rule","false","업종 지수 · FSTM|STOXX 600 MEDIA|EUREX|SXMP|FSTM|주가지수|업종 지수","IBKR_MARGIN_20260924","","2026-09-24","",""
"ibkr:EUREX:FSTN","업종 지수 · FSTN","STOXX 600 CONSTRUCTION & MATERIALS","equity_index","equity_index_sector","","EUREX","SXOP","FSTN","EUR","unspecified","exchange_product","source_listed","source_rule","false","업종 지수 · FSTN|STOXX 600 CONSTRUCTION & MATERIALS|EUREX|SXOP|FSTN|주가지수|업종 지수","IBKR_MARGIN_20260924","","2026-09-24","",""
"ibkr:EUREX:FSTO","업종 지수 · FSTO","STOXX 600 FOOD & BEVERAGE INDEX","equity_index","equity_index_sector","","EUREX","SX3P","FSTO","EUR","unspecified","exchange_product","source_listed","source_rule","false","업종 지수 · FSTO|STOXX 600 FOOD & BEVERAGE INDEX|EUREX|SX3P|FSTO|주가지수|업종 지수","IBKR_MARGIN_20260924","","2026-09-24","",""
"ibkr:EUREX:FSTR","업종 지수 · FSTR","STOXX 600 RETAIL","equity_index","equity_index_sector","","EUREX","SXRP","FSTR","EUR","unspecified","exchange_product","source_listed","source_rule","false","업종 지수 · FSTR|STOXX 600 RETAIL|EUREX|SXRP|FSTR|주가지수|업종 지수","IBKR_MARGIN_20260924","","2026-09-24","",""
"ibkr:EUREX:FSTS","업종 지수 · FSTS","STOXX 600 BASIC RESOURCES INDEX","equity_index","equity_index_sector","","EUREX","SXPP","FSTS","EUR","unspecified","exchange_product","source_listed","source_rule","false","업종 지수 · FSTS|STOXX 600 BASIC RESOURCES INDEX|EUREX|SXPP|FSTS|주가지수|업종 지수","IBKR_MARGIN_20260924","","2026-09-24","",""
"ibkr:EUREX:FSTT","업종 지수 · FSTT","STOXX 600 TELECOMMUNICATIONS","equity_index","equity_index_sector","","EUREX","SXKP","FSTT","EUR","unspecified","exchange_product","source_listed","source_rule","false","업종 지수 · FSTT|STOXX 600 TELECOMMUNICATIONS|EUREX|SXKP|FSTT|주가지수|업종 지수","IBKR_MARGIN_20260924","","2026-09-24","",""
"ibkr:EUREX:FSTU","업종 지수 · FSTU","STOXX 600 UTILITIES","equity_index","equity_index_sector","","EUREX","SX6P","FSTU","EUR","unspecified","exchange_product","source_listed","source_rule","false","업종 지수 · FSTU|STOXX 600 UTILITIES|EUREX|SX6P|FSTU|주가지수|업종 지수","IBKR_MARGIN_20260924","","2026-09-24","",""
"ibkr:EUREX:FSTV","업종 지수 · FSTV","STOXX 600 TRAVEL & LEISURE","equity_index","equity_index_sector","","EUREX","SXTP","FSTV","EUR","unspecified","exchange_product","source_listed","source_rule","false","업종 지수 · FSTV|STOXX 600 TRAVEL & LEISURE|EUREX|SXTP|FSTV|주가지수|업종 지수","IBKR_MARGIN_20260924","","2026-09-24","",""
"ibkr:EUREX:FSTY","업종 지수 · FSTY","STOXX 600 TECHNOLOGY","equity_index","equity_index_sector","","EUREX","SX8P","FSTY","EUR","unspecified","exchange_product","source_listed","source_rule","false","업종 지수 · FSTY|STOXX 600 TECHNOLOGY|EUREX|SX8P|FSTY|주가지수|업종 지수","IBKR_MARGIN_20260924","","2026-09-24","",""
"ibkr:EUREX:FSTZ","업종 지수 · FSTZ","STOXX 600 PERSONAL & HOUSEHOLD GOODS","equity_index","equity_index_sector","","EUREX","SXQP","FSTZ","EUR","unspecified","exchange_product","source_listed","source_rule","false","업종 지수 · FSTZ|STOXX 600 PERSONAL & HOUSEHOLD GOODS|EUREX|SXQP|FSTZ|주가지수|업종 지수","IBKR_MARGIN_20260924","","2026-09-24","",""
"ibkr:HKFE:HBI","업종 지수 · HBI","HANG SENG BIOTECH INDEX","equity_index","equity_index_sector","","HKFE","HBI","HBI","HKD","unspecified","exchange_product","source_listed","source_rule","false","업종 지수 · HBI|HANG SENG BIOTECH INDEX|HKFE|HBI|주가지수|업종 지수","IBKR_MARGIN_20260924","","2026-09-24","",""
"ibkr:CME:SDA","배당 지수 · SDA","S&P 500 DIVIDEND POINTS (ANNUAL) INDEX","equity_index","equity_index_dividend","","CME","SPXDIVAN","SDA","USD","unspecified","exchange_product","source_listed","source_rule","false","배당 지수 · SDA|S&P 500 DIVIDEND POINTS (ANNUAL) INDEX|CME|SPXDIVAN|SDA|주가지수|배당 지수","IBKR_MARGIN_20260924","","2026-09-24","",""
"ibkr:CME:SDI","배당 지수 · SDI","S&P 500 QUARTERLY DIVIDEND INDEX","equity_index","equity_index_dividend","","CME","SDI","SDI","USD","unspecified","exchange_product","source_listed","source_rule","false","배당 지수 · SDI|S&P 500 QUARTERLY DIVIDEND INDEX|CME|SDI|주가지수|배당 지수","IBKR_MARGIN_20260924","","2026-09-24","",""
"ibkr:EUREX:FD3D","배당 지수 · FD3D","EURO STOXX SELECT DIVIDEND 30 DVP","equity_index","equity_index_dividend","","EUREX","SD3ED","FD3D","EUR","unspecified","exchange_product","source_listed","source_rule","false","배당 지수 · FD3D|EURO STOXX SELECT DIVIDEND 30 DVP|EUREX|SD3ED|FD3D|주가지수|배당 지수","IBKR_MARGIN_20260924","","2026-09-24","",""
"ibkr:EUREX:FDIV","배당 지수 · FDIV","DIVDAX PRICE INDEX","equity_index","equity_index_dividend","","EUREX","DDAX","FDIV","EUR","unspecified","exchange_product","source_listed","source_rule","false","배당 지수 · FDIV|DIVDAX PRICE INDEX|EUREX|DDAX|FDIV|주가지수|배당 지수","IBKR_MARGIN_20260924","","2026-09-24","",""
"ibkr:EUREX:FEBD","배당 지수 · FEBD","EURO STOXX BANKS INDEX DIVIDEND FUTURES","equity_index","equity_index_dividend","","EUREX","DBEA","FEBD","EUR","unspecified","exchange_product","source_listed","source_rule","false","배당 지수 · FEBD|EURO STOXX BANKS INDEX DIVIDEND FUTURES|EUREX|DBEA|FEBD|주가지수|배당 지수","IBKR_MARGIN_20260924","","2026-09-24","",""
"ibkr:EUREX:FEDV","배당 지수 · FEDV","EURO STOXX SELECT DIVIDEND 30 INDEX","equity_index","equity_index_dividend","","EUREX","DJSD","FEDV","EUR","unspecified","exchange_product","source_listed","source_rule","false","배당 지수 · FEDV|EURO STOXX SELECT DIVIDEND 30 INDEX|EUREX|DJSD|FEDV|주가지수|배당 지수","IBKR_MARGIN_20260924","","2026-09-24","",""
"ibkr:EUREX:FEXD","배당 지수 · FEXD","EURO STOXX 50 INDEX-DIVIDENDEN","equity_index","equity_index_dividend","","EUREX","DESX5","FEXD","EUR","unspecified","exchange_product","source_listed","source_rule","false","배당 지수 · FEXD|EURO STOXX 50 INDEX-DIVIDENDEN|EUREX|DESX5|FEXD|주가지수|배당 지수","IBKR_MARGIN_20260924","","2026-09-24","",""
"ibkr:EUREX:FSMD","배당 지수 · FSMD","SMI DIVIDEND POINTS INDEX","equity_index","equity_index_dividend","","EUREX","SMIDP","FSMD","CHF","unspecified","exchange_product","source_listed","source_rule","false","배당 지수 · FSMD|SMI DIVIDEND POINTS INDEX|EUREX|SMIDP|FSMD|주가지수|배당 지수","IBKR_MARGIN_20260924","","2026-09-24","",""
"ibkr:HKFE:DHH","배당 지수 · DHH","HSCEI DIVIDEND POINT INDEX","equity_index","equity_index_dividend","","HKFE","HHIDPI","DHH","HKD","unspecified","exchange_product","source_listed","source_rule","false","배당 지수 · DHH|HSCEI DIVIDEND POINT INDEX|HKFE|HHIDPI|DHH|주가지수|배당 지수","IBKR_MARGIN_20260924","","2026-09-24","",""
"ibkr:HKFE:DHS","배당 지수 · DHS","HSI DIVIDEND POINT INDEX","equity_index","equity_index_dividend","","HKFE","HSIDPI","DHS","HKD","unspecified","exchange_product","source_listed","source_rule","false","배당 지수 · DHS|HSI DIVIDEND POINT INDEX|HKFE|HSIDPI|DHS|주가지수|배당 지수","IBKR_MARGIN_20260924","","2026-09-24","",""
"ibkr:ICEEU:XZ","배당 지수 · XZ","FTSE 100 DIVIDEND INDEX","equity_index","equity_index_dividend","","ICEEU","F1DV","XZ","GBP","unspecified","exchange_product","source_listed","source_rule","false","배당 지수 · XZ|FTSE 100 DIVIDEND INDEX|ICEEU|F1DV|XZ|주가지수|배당 지수","IBKR_MARGIN_20260924","","2026-09-24","",""
"ibkr:IDEM:FDIV","배당 지수 · FDIV","FTSE MIB DIVIDEND INDEX","equity_index","equity_index_dividend","","IDEM","MIBDIV","FDIV","EUR","unspecified","exchange_product","source_listed","source_rule","false","배당 지수 · FDIV|FTSE MIB DIVIDEND INDEX|IDEM|MIBDIV|FDIV|주가지수|배당 지수","IBKR_MARGIN_20260924","","2026-09-24","",""
"ibkr:SGX:ND","배당 지수 · ND","NIKKEI STOCK AVERAGE DIVIDEND POINT INDEX","equity_index","equity_index_dividend","","SGX","NKYDIV","ND","JPY","unspecified","exchange_product","source_listed","source_rule","false","배당 지수 · ND|NIKKEI STOCK AVERAGE DIVIDEND POINT INDEX|SGX|NKYDIV|ND|주가지수|배당 지수","IBKR_MARGIN_20260924","","2026-09-24","",""
"ibkr:CFE:VA","변동성·분산 지수 · VA","S&P 500 VARIANCE","volatility","volatility_index","","CFE","VA","VA","USD","unspecified","exchange_product","source_listed","source_rule","false","변동성·분산 지수 · VA|S&P 500 VARIANCE|CFE|VA|변동성|변동성·분산 지수","IBKR_MARGIN_20260924","","2026-09-24","",""
"ibkr:CFE:VX","VIX 변동성","CBOE VOLATILITY INDEX","volatility","volatility_index","vix","CFE","VIX","VX","USD","standard","exchange_product","source_listed","manual","true","VIX 변동성|CBOE VOLATILITY INDEX|CFE|VIX|VX|vix|변동성|변동성·분산 지수|빅스|공포지수|volatility","IBKR_MARGIN_20260924","","2026-09-24","",""
"ibkr:CFE:VX39","VIX 계약분류 VX39","CBOE VOLATILITY INDEX","volatility","volatility_index","vix","CFE","VIX","VX39","USD","unspecified","exchange_product","source_listed","manual","false","VIX 계약분류 VX39|CBOE VOLATILITY INDEX|CFE|VIX|VX39|vix|변동성|변동성·분산 지수|빅스|공포지수|volatility","IBKR_MARGIN_20260924","","2026-09-24","",""
"ibkr:CFE:VX40","VIX 계약분류 VX40","CBOE VOLATILITY INDEX","volatility","volatility_index","vix","CFE","VIX","VX40","USD","unspecified","exchange_product","source_listed","manual","false","VIX 계약분류 VX40|CBOE VOLATILITY INDEX|CFE|VIX|VX40|vix|변동성|변동성·분산 지수|빅스|공포지수|volatility","IBKR_MARGIN_20260924","","2026-09-24","",""
"ibkr:CFE:VX41","VIX 계약분류 VX41","CBOE VOLATILITY INDEX","volatility","volatility_index","vix","CFE","VIX","VX41","USD","unspecified","exchange_product","source_listed","manual","false","VIX 계약분류 VX41|CBOE VOLATILITY INDEX|CFE|VIX|VX41|vix|변동성|변동성·분산 지수|빅스|공포지수|volatility","IBKR_MARGIN_20260924","","2026-09-24","",""
"ibkr:CFE:VX43","VIX 계약분류 VX43","CBOE VOLATILITY INDEX","volatility","volatility_index","vix","CFE","VIX","VX43","USD","unspecified","exchange_product","source_listed","manual","false","VIX 계약분류 VX43|CBOE VOLATILITY INDEX|CFE|VIX|VX43|vix|변동성|변동성·분산 지수|빅스|공포지수|volatility","IBKR_MARGIN_20260924","","2026-09-24","",""
"ibkr:CFE:VXM","미니 VIX 변동성","MINI CBOE VOLATILITY INDEX FUTURES","volatility","volatility_index","vix","CFE","VXM","VXM","USD","mini","exchange_product","source_listed","manual","false","미니 VIX 변동성|MINI CBOE VOLATILITY INDEX FUTURES|CFE|VXM|vix|변동성|변동성·분산 지수|빅스|공포지수|volatility","IBKR_MARGIN_20260924","","2026-09-24","",""
"ibkr:EUREX:FVS","변동성·분산 지수 · FVS","VSTOXX VOLATILITY INDEX","volatility","volatility_index","","EUREX","V2TX","FVS","EUR","unspecified","exchange_product","source_listed","source_rule","false","변동성·분산 지수 · FVS|VSTOXX VOLATILITY INDEX|EUREX|V2TX|FVS|변동성|변동성·분산 지수","IBKR_MARGIN_20260924","","2026-09-24","",""
"ibkr:HKFE:VHS","변동성·분산 지수 · VHS","HANG SENG VOLATILITY INDEX","volatility","volatility_index","","HKFE","VHSI","VHS","HKD","unspecified","exchange_product","source_listed","source_rule","false","변동성·분산 지수 · VHS|HANG SENG VOLATILITY INDEX|HKFE|VHSI|VHS|변동성|변동성·분산 지수","IBKR_MARGIN_20260924","","2026-09-24","",""
"ibkr:OSE.JPN:NVI","변동성·분산 지수 · NVI","NIKKEI 225 VOLATILITY INDEX","volatility","volatility_index","","OSE.JPN","NKVI","NVI","JPY","unspecified","exchange_product","source_listed","source_rule","false","변동성·분산 지수 · NVI|NIKKEI 225 VOLATILITY INDEX|OSE.JPN|NKVI|NVI|변동성|변동성·분산 지수","IBKR_MARGIN_20260924","","2026-09-24","",""
"ibkr:CBOT:10Y","마이크로 미국 10년 수익률","10 YEAR MICRO TREASURY YIELD","rates","rates_us_gov","","CBOT","10Y","10Y","USD","micro","exchange_product","source_listed","manual","false","마이크로 미국 10년 수익률|10 YEAR MICRO TREASURY YIELD|CBOT|10Y|금리·채권|미국 국채","IBKR_MARGIN_20260924","","2026-09-24","",""
"ibkr:CBOT:2YY","마이크로 미국 2년 수익률","2 YEAR MICRO TREASURY YIELD","rates","rates_us_gov","","CBOT","2YY","2YY","USD","micro","exchange_product","source_listed","manual","false","마이크로 미국 2년 수익률|2 YEAR MICRO TREASURY YIELD|CBOT|2YY|금리·채권|미국 국채","IBKR_MARGIN_20260924","","2026-09-24","",""
"ibkr:CBOT:30Y","마이크로 미국 30년 수익률","30 YEAR MICRO TREASURY YIELD","rates","rates_us_gov","","CBOT","30Y","30Y","USD","micro","exchange_product","source_listed","manual","false","마이크로 미국 30년 수익률|30 YEAR MICRO TREASURY YIELD|CBOT|30Y|금리·채권|미국 국채","IBKR_MARGIN_20260924","","2026-09-24","",""
"ibkr:CBOT:5YY","마이크로 미국 5년 수익률","5 YEAR MICRO TREASURY YIELD","rates","rates_us_gov","","CBOT","5YY","5YY","USD","micro","exchange_product","source_listed","manual","false","마이크로 미국 5년 수익률|5 YEAR MICRO TREASURY YIELD|CBOT|5YY|금리·채권|미국 국채","IBKR_MARGIN_20260924","","2026-09-24","",""
"ibkr:CBOT:MTN","미국 국채 · MTN","MICRO ULTRA 10-YEAR U.S TREASURY NOTE","rates","rates_us_gov","","CBOT","MTN","MTN","USD","micro","exchange_product","source_listed","source_rule","false","미국 국채 · MTN|MICRO ULTRA 10-YEAR U.S TREASURY NOTE|CBOT|MTN|금리·채권|미국 국채","IBKR_MARGIN_20260924","","2026-09-24","",""
"ibkr:CBOT:MWN","미국 국채 · MWN","MICRO ULTRA US TREASURY BOND","rates","rates_us_gov","","CBOT","MWN","MWN","USD","micro","exchange_product","source_listed","source_rule","false","미국 국채 · MWN|MICRO ULTRA US TREASURY BOND|CBOT|MWN|금리·채권|미국 국채","IBKR_MARGIN_20260924","","2026-09-24","",""
"ibkr:CBOT:TN","미국 Ultra 10년 국채","ULTRA 10-YEAR US TREASURY NOTE","rates","rates_us_gov","","CBOT","TN","TN","USD","unspecified","exchange_product","source_listed","manual","false","미국 Ultra 10년 국채|ULTRA 10-YEAR US TREASURY NOTE|CBOT|TN|금리·채권|미국 국채","IBKR_MARGIN_20260924","","2026-09-24","",""
"ibkr:CBOT:TWE","미국 20년 국채","20-YEAR U.S. TREASURY BOND","rates","rates_us_gov","","CBOT","TWE","TWE","USD","unspecified","exchange_product","source_listed","manual","false","미국 20년 국채|20-YEAR U.S. TREASURY BOND|CBOT|TWE|금리·채권|미국 국채","IBKR_MARGIN_20260924","","2026-09-24","",""
"ibkr:CBOT:UB","미국 Ultra 장기 국채","ULTRA TREASURY BOND","rates","rates_us_gov","","CBOT","UB","UB","USD","unspecified","exchange_product","source_listed","manual","false","미국 Ultra 장기 국채|ULTRA TREASURY BOND|CBOT|UB|금리·채권|미국 국채","IBKR_MARGIN_20260924","","2026-09-24","",""
"ibkr:CBOT:Z3N","미국 3년 국채","3 YEAR US TREASURY NOTE","rates","rates_us_gov","","CBOT","Z3N","Z3N","USD","unspecified","exchange_product","source_listed","manual","false","미국 3년 국채|3 YEAR US TREASURY NOTE|CBOT|Z3N|금리·채권|미국 국채","IBKR_MARGIN_20260924","","2026-09-24","",""
"ibkr:CBOT:ZB","미국 장기 국채","US TREASURY BOND","rates","rates_us_gov","","CBOT","ZB","ZB","USD","unspecified","exchange_product","source_listed","manual","true","미국 장기 국채|US TREASURY BOND|CBOT|ZB|금리·채권|미국 국채","IBKR_MARGIN_20260924","","2026-09-24","",""
"ibkr:CBOT:ZF","미국 5년 국채","5 YEAR US TREASURY NOTE","rates","rates_us_gov","","CBOT","ZF","ZF","USD","unspecified","exchange_product","source_listed","manual","false","미국 5년 국채|5 YEAR US TREASURY NOTE|CBOT|ZF|금리·채권|미국 국채","IBKR_MARGIN_20260924","","2026-09-24","",""
"ibkr:CBOT:ZN","미국 10년 국채","10 YEAR US TREASURY NOTE","rates","rates_us_gov","","CBOT","ZN","ZN","USD","unspecified","exchange_product","source_listed","manual","true","미국 10년 국채|10 YEAR US TREASURY NOTE|CBOT|ZN|금리·채권|미국 국채","IBKR_MARGIN_20260924","","2026-09-24","",""
"ibkr:CBOT:ZT","미국 2년 국채","2 YEAR US TREASURY NOTE","rates","rates_us_gov","","CBOT","ZT","ZT","USD","unspecified","exchange_product","source_listed","manual","true","미국 2년 국채|2 YEAR US TREASURY NOTE|CBOT|ZT|금리·채권|미국 국채","IBKR_MARGIN_20260924","","2026-09-24","",""
"ibkr:CME:TBF3","미국 국채 · TBF3","13-WEEK US TREASURY BILL","rates","rates_us_gov","","CME","TBF3","TBF3","USD","unspecified","exchange_product","source_listed","source_rule","false","미국 국채 · TBF3|13-WEEK US TREASURY BILL|CME|TBF3|금리·채권|미국 국채","IBKR_MARGIN_20260924","","2026-09-24","",""
"ibkr:CDE:CGB","기타 국가 국채 · CGB","10 YEAR GOVERNMENT OF CANADA BONDS","rates","rates_other_gov","","CDE","CGB","CGB","CAD","unspecified","exchange_product","source_listed","source_rule","false","기타 국가 국채 · CGB|10 YEAR GOVERNMENT OF CANADA BONDS|CDE|CGB|금리·채권|기타 국가 국채","IBKR_MARGIN_20260924","","2026-09-24","",""
"ibkr:CDE:CGF","기타 국가 국채 · CGF","5 YEAR GOVERNMENT OF CANADA BONDS","rates","rates_other_gov","","CDE","CGF","CGF","CAD","unspecified","exchange_product","source_listed","source_rule","false","기타 국가 국채 · CGF|5 YEAR GOVERNMENT OF CANADA BONDS|CDE|CGF|금리·채권|기타 국가 국채","IBKR_MARGIN_20260924","","2026-09-24","",""
"ibkr:CDE:CGZ","기타 국가 국채 · CGZ","2 YEAR GOVERNMENT OF CANADA BONDS","rates","rates_other_gov","","CDE","CGZ","CGZ","CAD","unspecified","exchange_product","source_listed","source_rule","false","기타 국가 국채 · CGZ|2 YEAR GOVERNMENT OF CANADA BONDS|CDE|CGZ|금리·채권|기타 국가 국채","IBKR_MARGIN_20260924","","2026-09-24","",""
"ibkr:EUREX:CONF","기타 국가 국채 · CONF","SWISS FEDERAL LONG-TERM BONDS","rates","rates_other_gov","","EUREX","CONF","CONF","CHF","unspecified","exchange_product","source_listed","source_rule","false","기타 국가 국채 · CONF|SWISS FEDERAL LONG-TERM BONDS|EUREX|CONF|금리·채권|기타 국가 국채","IBKR_MARGIN_20260924","","2026-09-24","",""
"ibkr:EUREX:FBON","기타 국가 국채 · FBON","EURO BONO FUTURES ON LONG-TERM SPANISH GOVERNMENT BONDS","rates","rates_other_gov","","EUREX","FBON","FBON","EUR","unspecified","exchange_product","source_listed","source_rule","false","기타 국가 국채 · FBON|EURO BONO FUTURES ON LONG-TERM SPANISH GOVERNMENT BONDS|EUREX|FBON|금리·채권|기타 국가 국채","IBKR_MARGIN_20260924","","2026-09-24","",""
"ibkr:EUREX:FBTP","기타 국가 국채 · FBTP","EURO-BTP ITALIAN GOVERNMENT BOND","rates","rates_other_gov","","EUREX","BTP","FBTP","EUR","unspecified","exchange_product","source_listed","source_rule","false","기타 국가 국채 · FBTP|EURO-BTP ITALIAN GOVERNMENT BOND|EUREX|BTP|FBTP|금리·채권|기타 국가 국채","IBKR_MARGIN_20260924","","2026-09-24","",""
"ibkr:EUREX:FBTS","기타 국가 국채 · FBTS","SHORT-TERM EURO-BTP ITALIAN GOVERNMENT BOND","rates","rates_other_gov","","EUREX","BTS","FBTS","EUR","unspecified","exchange_product","source_listed","source_rule","false","기타 국가 국채 · FBTS|SHORT-TERM EURO-BTP ITALIAN GOVERNMENT BOND|EUREX|BTS|FBTS|금리·채권|기타 국가 국채","IBKR_MARGIN_20260924","","2026-09-24","",""
"ibkr:EUREX:FGBL","독일 Bund 국채","EURO BUND (10 YEAR BOND)","rates","rates_other_gov","","EUREX","GBL","FGBL","EUR","unspecified","exchange_product","source_listed","manual","false","독일 Bund 국채|EURO BUND (10 YEAR BOND)|EUREX|GBL|FGBL|금리·채권|기타 국가 국채","IBKR_MARGIN_20260924","","2026-09-24","",""
"ibkr:EUREX:FGBM","독일 Bobl 국채","EURO BOBL (5 YEAR BOND)","rates","rates_other_gov","","EUREX","GBM","FGBM","EUR","unspecified","exchange_product","source_listed","manual","false","독일 Bobl 국채|EURO BOBL (5 YEAR BOND)|EUREX|GBM|FGBM|금리·채권|기타 국가 국채","IBKR_MARGIN_20260924","","2026-09-24","",""
"ibkr:EUREX:FGBS","독일 Schatz 국채","EURO SCHATZ (2 YEAR BOND)","rates","rates_other_gov","","EUREX","GBS","FGBS","EUR","unspecified","exchange_product","source_listed","manual","false","독일 Schatz 국채|EURO SCHATZ (2 YEAR BOND)|EUREX|GBS|FGBS|금리·채권|기타 국가 국채","IBKR_MARGIN_20260924","","2026-09-24","",""
"ibkr:EUREX:FGBX","독일 Buxl 국채","EURO BUXL (15 - 30 YEAR BOND)","rates","rates_other_gov","","EUREX","GBX","FGBX","EUR","unspecified","exchange_product","source_listed","manual","false","독일 Buxl 국채|EURO BUXL (15 - 30 YEAR BOND)|EUREX|GBX|FGBX|금리·채권|기타 국가 국채","IBKR_MARGIN_20260924","","2026-09-24","",""
"ibkr:EUREX:FOAT","기타 국가 국채 · FOAT","EURO-OAT FRENCH GOVERNMENT BOND","rates","rates_other_gov","","EUREX","OAT","FOAT","EUR","unspecified","exchange_product","source_listed","source_rule","false","기타 국가 국채 · FOAT|EURO-OAT FRENCH GOVERNMENT BOND|EUREX|OAT|FOAT|금리·채권|기타 국가 국채","IBKR_MARGIN_20260924","","2026-09-24","",""
"ibkr:ICEEU:H","기타 국가 국채 · H","MEDIUM GILT","rates","rates_other_gov","","ICEEU","H","H","GBP","unspecified","exchange_product","source_listed","source_rule","false","기타 국가 국채 · H|MEDIUM GILT|ICEEU|H|금리·채권|기타 국가 국채","IBKR_MARGIN_20260924","","2026-09-24","",""
"ibkr:ICEEU:R","기타 국가 국채 · R","LONG GILT","rates","rates_other_gov","","ICEEU","R","R","GBP","unspecified","exchange_product","source_listed","source_rule","false","기타 국가 국채 · R|LONG GILT|ICEEU|R|금리·채권|기타 국가 국채","IBKR_MARGIN_20260924","","2026-09-24","",""
"ibkr:KSE:65","기타 국가 국채 · 65","3-YEAR KOREA TREASURY BOND","rates","rates_other_gov","","KSE","3KTB","65","KRW","unspecified","exchange_product","source_listed","source_rule","false","기타 국가 국채 · 65|3-YEAR KOREA TREASURY BOND|KSE|3KTB|65|금리·채권|기타 국가 국채","IBKR_MARGIN_20260924","","2026-09-24","",""
"ibkr:KSE:67","기타 국가 국채 · 67","10-YEAR KOREA TREASURY BOND","rates","rates_other_gov","","KSE","FLKTB","67","KRW","unspecified","exchange_product","source_listed","source_rule","false","기타 국가 국채 · 67|10-YEAR KOREA TREASURY BOND|KSE|FLKTB|67|금리·채권|기타 국가 국채","IBKR_MARGIN_20260924","","2026-09-24","",""
"ibkr:OSE.JPN:JBL","기타 국가 국채 · JBL","STANDARDIZED 6% 10-YEAR JAPANESE GOVERNMENT BOND","rates","rates_other_gov","","OSE.JPN","JGB","JBL","JPY","unspecified","exchange_product","source_listed","source_rule","false","기타 국가 국채 · JBL|STANDARDIZED 6% 10-YEAR JAPANESE GOVERNMENT BOND|OSE.JPN|JGB|JBL|금리·채권|기타 국가 국채","IBKR_MARGIN_20260924","","2026-09-24","",""
"ibkr:OSE.JPN:JBLM","기타 국가 국채 · JBLM","MINI 10 YEAR JGB","rates","rates_other_gov","","OSE.JPN","MJ","JBLM","JPY","mini","exchange_product","source_listed","source_rule","false","기타 국가 국채 · JBLM|MINI 10 YEAR JGB|OSE.JPN|MJ|JBLM|금리·채권|기타 국가 국채","IBKR_MARGIN_20260924","","2026-09-24","",""
"ibkr:SGX:JB","기타 국가 국채 · JB","SGX MINI JGB INDEX","rates","rates_other_gov","","SGX","SGB","JB","JPY","mini","exchange_product","source_listed","source_rule","false","기타 국가 국채 · JB|SGX MINI JGB INDEX|SGX|SGB|JB|금리·채권|기타 국가 국채","IBKR_MARGIN_20260924","","2026-09-24","",""
"ibkr:SNFE:XT","기타 국가 국채 · XT","10 YEAR TREASURY BOND 6%","rates","rates_other_gov","","SNFE","XT","XT","AUD","unspecified","exchange_product","source_listed","source_rule","false","기타 국가 국채 · XT|10 YEAR TREASURY BOND 6%|SNFE|XT|금리·채권|기타 국가 국채","IBKR_MARGIN_20260924","","2026-09-24","",""
"ibkr:SNFE:YT","기타 국가 국채 · YT","3 YEAR TREASURY BOND 6%","rates","rates_other_gov","","SNFE","YT","YT","AUD","unspecified","exchange_product","source_listed","source_rule","false","기타 국가 국채 · YT|3 YEAR TREASURY BOND 6%|SNFE|YT|금리·채권|기타 국가 국채","IBKR_MARGIN_20260924","","2026-09-24","",""
"ibkr:B3:DI1","브라질 DI 금리","One-Day Interbank Deposit Rate Futures","rates","rates_short","","B3","DI1","DI1","BRL","unspecified","exchange_product","name_enriched","manual","false","브라질 DI 금리|One-Day Interbank Deposit Rate Futures|B3|DI1|금리·채권|단기금리","IBKR_MARGIN_20260924","B3_PRODUCTS","2026-09-24","","공식 출처로 표시명을 보강. 원문은 RawSource에 보존."
"ibkr:CBOT:ZQ","연방기금 금리","30 DAY FED FUNDS","rates","rates_short","fed_funds","CBOT","ZQ","ZQ","USD","unspecified","exchange_product","source_listed","manual","false","연방기금 금리|30 DAY FED FUNDS|CBOT|ZQ|fed_funds|금리·채권|단기금리|fed|funds|기준금리","IBKR_MARGIN_20260924","","2026-09-24","",""
"ibkr:CDE:CRA","단기금리 · CRA","3 MONTH CORRA","rates","rates_short","","CDE","CRA","CRA","CAD","unspecified","exchange_product","source_listed","source_rule","false","단기금리 · CRA|3 MONTH CORRA|CDE|CRA|금리·채권|단기금리","IBKR_MARGIN_20260924","","2026-09-24","",""
"ibkr:CME:ESR","단기금리 · ESR","EURO SHORT-TERM RATE","rates","rates_short","","CME","ESTR","ESR","EUR","unspecified","exchange_product","source_listed","source_rule","false","단기금리 · ESR|EURO SHORT-TERM RATE|CME|ESTR|ESR|금리·채권|단기금리","IBKR_MARGIN_20260924","","2026-09-24","",""
"ibkr:CME:SR1","1개월 SOFR","SECURED OVERNIGHT FINANCING RATE 1-MONTH AVERAGE OF RATES","rates","rates_short","sofr","CME","SOFR1","SR1","USD","unspecified","exchange_product","source_listed","manual","false","1개월 SOFR|SECURED OVERNIGHT FINANCING RATE 1-MONTH AVERAGE OF RATES|CME|SOFR1|SR1|sofr|금리·채권|단기금리|소퍼|담보부|익일물|금리|secured|overnight|financing|rate","IBKR_MARGIN_20260924","","2026-09-24","",""
"ibkr:CME:SR3","3개월 SOFR","SECURED OVERNIGHT FINANCING RATE 3-MONTH AVERAGE OF RATES","rates","rates_short","sofr","CME","SOFR3","SR3","USD","unspecified","exchange_product","source_listed","manual","true","3개월 SOFR|SECURED OVERNIGHT FINANCING RATE 3-MONTH AVERAGE OF RATES|CME|SOFR3|SR3|sofr|금리·채권|단기금리|소퍼|담보부|익일물|금리|secured|overnight|financing|rate","IBKR_MARGIN_20260924","","2026-09-24","",""
"ibkr:EUREX:FEU3","단기금리 · FEU3","THREE MONTH EURIBOR","rates","rates_short","","EUREX","EU3","FEU3","EUR","unspecified","exchange_product","source_listed","source_rule","false","단기금리 · FEU3|THREE MONTH EURIBOR|EUREX|EU3|FEU3|금리·채권|단기금리","IBKR_MARGIN_20260924","","2026-09-24","",""
"ibkr:EUREX:FST3","단기금리 · FST3","THREE MONTH ESTR","rates","rates_short","","EUREX","ST3","FST3","EUR","unspecified","exchange_product","source_listed","source_rule","false","단기금리 · FST3|THREE MONTH ESTR|EUREX|ST3|FST3|금리·채권|단기금리","IBKR_MARGIN_20260924","","2026-09-24","",""
"ibkr:ICEEU:EMP","단기금리 · EMP","ESTR VOLUME WEIGHTED TRIMMED MEAN RATE 2","rates","rates_short","","ICEEU","EMP","EMP","EUR","unspecified","exchange_product","source_listed","source_rule","false","단기금리 · EMP|ESTR VOLUME WEIGHTED TRIMMED MEAN RATE 2|ICEEU|EMP|금리·채권|단기금리","IBKR_MARGIN_20260924","","2026-09-24","",""
"ibkr:ICEEU:I","단기금리 · I","3 MONTH EURIBOR INTEREST RATE","rates","rates_short","","ICEEU","I","I","EUR","unspecified","exchange_product","source_listed","source_rule","false","단기금리 · I|3 MONTH EURIBOR INTEREST RATE|ICEEU|I|금리·채권|단기금리","IBKR_MARGIN_20260924","","2026-09-24","",""
"ibkr:ICEEU:MPC","단기금리 · MPC","ICE IBA -ICE TERM SONIA REFERENCE RATES 1M","rates","rates_short","","ICEEU","MPC","MPC","GBP","unspecified","exchange_product","source_listed","source_rule","false","단기금리 · MPC|ICE IBA -ICE TERM SONIA REFERENCE RATES 1M|ICEEU|MPC|금리·채권|단기금리","IBKR_MARGIN_20260924","","2026-09-24","",""
"ibkr:ICEEU:SA3","단기금리 · SA3","THREE MONTH SARONA","rates","rates_short","","ICEEU","SRFXON3","SA3","CHF","unspecified","exchange_product","source_listed","source_rule","false","단기금리 · SA3|THREE MONTH SARONA|ICEEU|SRFXON3|SA3|금리·채권|단기금리","IBKR_MARGIN_20260924","","2026-09-24","",""
"ibkr:ICEEU:SO3","단기금리 · SO3","THREE MONTH SONIA","rates","rates_short","","ICEEU","SONIA.N","SO3","GBP","unspecified","exchange_product","source_listed","source_rule","false","단기금리 · SO3|THREE MONTH SONIA|ICEEU|SONIA.N|SO3|금리·채권|단기금리","IBKR_MARGIN_20260924","","2026-09-24","",""
"ibkr:ICEEU:SOA","단기금리 · SOA","ONE MONTH SONIA","rates","rates_short","","ICEEU","SONIO.N","SOA","GBP","unspecified","exchange_product","source_listed","source_rule","false","단기금리 · SOA|ONE MONTH SONIA|ICEEU|SONIO.N|SOA|금리·채권|단기금리","IBKR_MARGIN_20260924","","2026-09-24","",""
"ibkr:SNFE:IB","단기금리 · IB","30 DAY INTERBANK CASH RATE","rates","rates_short","","SNFE","IB","IB","AUD","unspecified","exchange_product","source_listed","source_rule","false","단기금리 · IB|30 DAY INTERBANK CASH RATE|SNFE|IB|금리·채권|단기금리","IBKR_MARGIN_20260924","","2026-09-24","",""
"ibkr:SNFE:IR","단기금리 · IR","90 DAY BILLS","rates","rates_short","","SNFE","IR","IR","AUD","unspecified","exchange_product","source_listed","source_rule","false","단기금리 · IR|90 DAY BILLS|SNFE|IR|금리·채권|단기금리","IBKR_MARGIN_20260924","","2026-09-24","",""
"ibkr:CBOT:DHB","회사채·신용지수 · DHB","BLOOMBERG U.S. CORPORATE INVESTMENT GRADE DURATION HEDGED","rates","rates_credit","","CBOT","DHB","DHB","USD","unspecified","exchange_product","source_listed","source_rule","false","회사채·신용지수 · DHB|BLOOMBERG U.S. CORPORATE INVESTMENT GRADE DURATION HEDGED|CBOT|DHB|금리·채권|회사채·신용지수","IBKR_MARGIN_20260924","","2026-09-24","",""
"ibkr:CBOT:DHY","회사채·신용지수 · DHY","BLOOMBERG HIGH YIELD DURATION-HEDGED CREDIT INDEX","rates","rates_credit","","CBOT","DHY","DHY","USD","unspecified","exchange_product","source_listed","source_rule","false","회사채·신용지수 · DHY|BLOOMBERG HIGH YIELD DURATION-HEDGED CREDIT INDEX|CBOT|DHY|금리·채권|회사채·신용지수","IBKR_MARGIN_20260924","","2026-09-24","",""
"ibkr:CBOT:HYB","회사채·신용지수 · HYB","BLOOMBERG U.S. CORPORATE HIGH YIELD VERY LIQUID","rates","rates_credit","","CBOT","HYB","HYB","USD","unspecified","exchange_product","source_listed","source_rule","false","회사채·신용지수 · HYB|BLOOMBERG U.S. CORPORATE HIGH YIELD VERY LIQUID|CBOT|HYB|금리·채권|회사채·신용지수","IBKR_MARGIN_20260924","","2026-09-24","",""
"ibkr:CBOT:IQB","회사채·신용지수 · IQB","BLOOMBERG U.S. CORPORATE INVESTMENT GRADE","rates","rates_credit","","CBOT","IQB","IQB","USD","unspecified","exchange_product","source_listed","source_rule","false","회사채·신용지수 · IQB|BLOOMBERG U.S. CORPORATE INVESTMENT GRADE|CBOT|IQB|금리·채권|회사채·신용지수","IBKR_MARGIN_20260924","","2026-09-24","",""
"ibkr:CFE:IBHY","회사채·신용지수 · IBHY","IBOXX ISHARES $ HIGH YIELD CORPORATE BOND INDEX TR","rates","rates_credit","","CFE","IBXXIBHY","IBHY","USD","unspecified","exchange_product","source_listed","source_rule","false","회사채·신용지수 · IBHY|IBOXX ISHARES $ HIGH YIELD CORPORATE BOND INDEX TR|CFE|IBXXIBHY|IBHY|금리·채권|회사채·신용지수","IBKR_MARGIN_20260924","","2026-09-24","",""
"ibkr:CFE:IBIG","회사채·신용지수 · IBIG","IBOXX ISHARES $ INVESTMENT GRADE CORPORATE BOND INDEX TR","rates","rates_credit","","CFE","IBXXIBIG","IBIG","USD","unspecified","exchange_product","source_listed","source_rule","false","회사채·신용지수 · IBIG|IBOXX ISHARES $ INVESTMENT GRADE CORPORATE BOND INDEX TR|CFE|IBXXIBIG|IBIG|금리·채권|회사채·신용지수","IBKR_MARGIN_20260924","","2026-09-24","",""
"ibkr:CFE:IEMD","회사채·신용지수 · IEMD","IBOXX $ EMERGING MARKET BOND INDEX","rates","rates_credit","","CFE","IEMD","IEMD","USD","unspecified","exchange_product","source_listed","source_rule","false","회사채·신용지수 · IEMD|IBOXX $ EMERGING MARKET BOND INDEX|CFE|IEMD|금리·채권|회사채·신용지수","IBKR_MARGIN_20260924","","2026-09-24","",""
"ibkr:EUREX:FECX","회사채·신용지수 · FECX","BLOOMBERG MSCI EURO CORPORATE SRI INDEX","rates","rates_credit","","EUREX","FECX","FECX","EUR","unspecified","exchange_product","source_listed","source_rule","false","회사채·신용지수 · FECX|BLOOMBERG MSCI EURO CORPORATE SRI INDEX|EUREX|FECX|금리·채권|회사채·신용지수","IBKR_MARGIN_20260924","","2026-09-24","",""
"ibkr:EUREX:FEHY","회사채·신용지수 · FEHY","LIQUIDITY SCREENED EURO HIGH YIELD BOND INDEX","rates","rates_credit","","EUREX","FEHY","FEHY","EUR","unspecified","exchange_product","source_listed","source_rule","false","회사채·신용지수 · FEHY|LIQUIDITY SCREENED EURO HIGH YIELD BOND INDEX|EUREX|FEHY|금리·채권|회사채·신용지수","IBKR_MARGIN_20260924","","2026-09-24","",""
"ibkr:EUREX:FGBC","회사채·신용지수 · FGBC","STERLING LIQUID CORPORATE","rates","rates_credit","","EUREX","FGBC","FGBC","GBP","unspecified","exchange_product","source_listed","source_rule","false","회사채·신용지수 · FGBC|STERLING LIQUID CORPORATE|EUREX|FGBC|금리·채권|회사채·신용지수","IBKR_MARGIN_20260924","","2026-09-24","",""
"ibkr:EUREX:FUEM","회사채·신용지수 · FUEM","EMERGING MARKET USD SOVEREIGN & SOVEREIGN OWNED","rates","rates_credit","","EUREX","FUEM","FUEM","USD","unspecified","exchange_product","source_listed","source_rule","false","회사채·신용지수 · FUEM|EMERGING MARKET USD SOVEREIGN & SOVEREIGN OWNED|EUREX|FUEM|금리·채권|회사채·신용지수","IBKR_MARGIN_20260924","","2026-09-24","",""
"ibkr:CBOT:YIA","스왑금리 · YIA","1-YEAR ERIS SOFR SWAP FUTURES","rates","rates_swap","","CBOT","YIA","YIA","USD","unspecified","exchange_product","source_listed","source_rule","false","스왑금리 · YIA|1-YEAR ERIS SOFR SWAP FUTURES|CBOT|YIA|금리·채권|스왑금리","IBKR_MARGIN_20260924","","2026-09-24","",""
"ibkr:CBOT:YIC","스왑금리 · YIC","3-YEAR ERIS SOFR SWAP FUTURES","rates","rates_swap","","CBOT","YIC","YIC","USD","unspecified","exchange_product","source_listed","source_rule","false","스왑금리 · YIC|3-YEAR ERIS SOFR SWAP FUTURES|CBOT|YIC|금리·채권|스왑금리","IBKR_MARGIN_20260924","","2026-09-24","",""
"ibkr:CBOT:YID","스왑금리 · YID","4-YEAR ERIS SOFR SWAP FUTURES","rates","rates_swap","","CBOT","YID","YID","USD","unspecified","exchange_product","source_listed","source_rule","false","스왑금리 · YID|4-YEAR ERIS SOFR SWAP FUTURES|CBOT|YID|금리·채권|스왑금리","IBKR_MARGIN_20260924","","2026-09-24","",""
"ibkr:CBOT:YIT","스왑금리 · YIT","2-YEAR ERIS SOFR SWAP FUTURES","rates","rates_swap","","CBOT","YIT","YIT","USD","unspecified","exchange_product","source_listed","source_rule","false","스왑금리 · YIT|2-YEAR ERIS SOFR SWAP FUTURES|CBOT|YIT|금리·채권|스왑금리","IBKR_MARGIN_20260924","","2026-09-24","",""
"ibkr:CBOT:YIW","스왑금리 · YIW","5-YEAR ERIS SOFR SWAP FUTURES","rates","rates_swap","","CBOT","YIW","YIW","USD","unspecified","exchange_product","source_listed","source_rule","false","스왑금리 · YIW|5-YEAR ERIS SOFR SWAP FUTURES|CBOT|YIW|금리·채권|스왑금리","IBKR_MARGIN_20260924","","2026-09-24","",""
"ibkr:ICEEU:O","스왑금리 · O","5 YEAR EURO SWAPNOTE","rates","rates_swap","","ICEEU","O","O","EUR","unspecified","exchange_product","source_listed","source_rule","false","스왑금리 · O|5 YEAR EURO SWAPNOTE|ICEEU|O|금리·채권|스왑금리","IBKR_MARGIN_20260924","","2026-09-24","",""
"ibkr:ICEEU:P","스왑금리 · P","10 YEAR EURO SWAPNOTE","rates","rates_swap","","ICEEU","P","P","EUR","unspecified","exchange_product","source_listed","source_rule","false","스왑금리 · P|10 YEAR EURO SWAPNOTE|ICEEU|P|금리·채권|스왑금리","IBKR_MARGIN_20260924","","2026-09-24","",""
"ibkr:ICEEU:TWS","스왑금리 · TWS","2 YEAR EURO SWAPNOTE","rates","rates_swap","","ICEEU","TWS","TWS","EUR","unspecified","exchange_product","source_listed","source_rule","false","스왑금리 · TWS|2 YEAR EURO SWAPNOTE|ICEEU|TWS|금리·채권|스왑금리","IBKR_MARGIN_20260924","","2026-09-24","",""
"ibkr:NYBOT:30C","주택담보대출 금리 · 30C","ICE U.S. CONFORMING 30-YR FIXED MORTGAGE RATE LOCK WEIGHTED APR","rates","rates_mortgage","","NYBOT","LRC30APR","30C","USD","unspecified","exchange_product","source_listed","source_rule","false","주택담보대출 금리 · 30C|ICE U.S. CONFORMING 30-YR FIXED MORTGAGE RATE LOCK WEIGHTED APR|NYBOT|LRC30APR|30C|금리·채권|주택담보대출 금리","IBKR_MARGIN_20260924","","2026-09-24","",""
"ibkr:B3:DOL","브라질 헤알/미국달러","US Dollar Futures","fx","fx_currency","","B3","DOL","DOL","BRL","unspecified","exchange_product","name_enriched","manual","false","브라질 헤알/미국달러|US Dollar Futures|B3|DOL|통화·환율|통화·교차환율","IBKR_MARGIN_20260924","B3_PRODUCTS","2026-09-24","","공식 출처로 표시명을 보강. 원문은 RawSource에 보존."
"ibkr:B3:WDO","미니 브라질 헤알/미국달러","Mini US Dollar Futures","fx","fx_currency","","B3","WDO","WDO","BRL","unspecified","exchange_product","name_enriched","manual","false","미니 브라질 헤알/미국달러|Mini US Dollar Futures|B3|WDO|통화·환율|통화·교차환율","IBKR_MARGIN_20260924","B3_PRODUCTS","2026-09-24","","공식 출처로 표시명을 보강. 원문은 RawSource에 보존."
"ibkr:CME:6A","호주 달러","AUSTRALIAN DOLLAR","fx","fx_currency","","CME","AUD","6A","USD","unspecified","exchange_product","source_listed","manual","false","호주 달러|AUSTRALIAN DOLLAR|CME|AUD|6A|통화·환율|통화·교차환율","IBKR_MARGIN_20260924","","2026-09-24","",""
"ibkr:CME:6B","영국 파운드","BRITISH POUND","fx","fx_currency","","CME","GBP","6B","USD","unspecified","exchange_product","source_listed","manual","true","영국 파운드|BRITISH POUND|CME|GBP|6B|통화·환율|통화·교차환율","IBKR_MARGIN_20260924","","2026-09-24","",""
"ibkr:CME:6C","캐나다 달러","CANADIAN DOLLAR","fx","fx_currency","","CME","CAD","6C","USD","unspecified","exchange_product","source_listed","manual","false","캐나다 달러|CANADIAN DOLLAR|CME|CAD|6C|통화·환율|통화·교차환율","IBKR_MARGIN_20260924","","2026-09-24","",""
"ibkr:CME:6E","유로","EUROPEAN MONETARY UNION EURO","fx","fx_currency","","CME","EUR","6E","USD","unspecified","exchange_product","source_listed","manual","true","유로|EUROPEAN MONETARY UNION EURO|CME|EUR|6E|통화·환율|통화·교차환율","IBKR_MARGIN_20260924","","2026-09-24","",""
"ibkr:CME:6H","역외 위안","CHINESE RENMINBI - OFFSHORE","fx","fx_currency","","CME","6H","6H","USD","unspecified","exchange_product","source_listed","manual","false","역외 위안|CHINESE RENMINBI - OFFSHORE|CME|6H|통화·환율|통화·교차환율","IBKR_MARGIN_20260924","","2026-09-24","",""
"ibkr:CME:6J","일본 엔","JAPANESE YEN","fx","fx_currency","","CME","JPY","6J","USD","unspecified","exchange_product","source_listed","manual","true","일본 엔|JAPANESE YEN|CME|JPY|6J|통화·환율|통화·교차환율","IBKR_MARGIN_20260924","","2026-09-24","",""
"ibkr:CME:6L","브라질 헤알","BRAZILIAN REAL","fx","fx_currency","","CME","BRE","6L","USD","unspecified","exchange_product","source_listed","manual","false","브라질 헤알|BRAZILIAN REAL|CME|BRE|6L|통화·환율|통화·교차환율","IBKR_MARGIN_20260924","","2026-09-24","",""
"ibkr:CME:6M","멕시코 페소","MEXICAN PESO","fx","fx_currency","","CME","6M","6M","USD","unspecified","exchange_product","source_listed","manual","false","멕시코 페소|MEXICAN PESO|CME|6M|통화·환율|통화·교차환율","IBKR_MARGIN_20260924","","2026-09-24","",""
"ibkr:CME:6N","뉴질랜드 달러","NEW ZEALAND DOLLAR","fx","fx_currency","","CME","NZD","6N","USD","unspecified","exchange_product","source_listed","manual","false","뉴질랜드 달러|NEW ZEALAND DOLLAR|CME|NZD|6N|통화·환율|통화·교차환율","IBKR_MARGIN_20260924","","2026-09-24","",""
"ibkr:CME:6S","스위스 프랑","SWISS FRANC","fx","fx_currency","","CME","CHF","6S","USD","unspecified","exchange_product","source_listed","manual","false","스위스 프랑|SWISS FRANC|CME|CHF|6S|통화·환율|통화·교차환율","IBKR_MARGIN_20260924","","2026-09-24","",""
"ibkr:CME:6Z","남아공 랜드","SOUTH AFRICAN RAND","fx","fx_currency","","CME","ZAR","6Z","USD","unspecified","exchange_product","source_listed","manual","false","남아공 랜드|SOUTH AFRICAN RAND|CME|ZAR|6Z|통화·환율|통화·교차환율","IBKR_MARGIN_20260924","","2026-09-24","",""
"ibkr:CME:ACD","통화·교차환율 · ACD","AUSTRALIAN DOLLAR","fx","fx_currency","","CME","ACDX","ACD","CAD","unspecified","exchange_product","source_listed","source_rule","false","통화·교차환율 · ACD|AUSTRALIAN DOLLAR|CME|ACDX|ACD|통화·환율|통화·교차환율","IBKR_MARGIN_20260924","","2026-09-24","",""
"ibkr:CME:AJY","통화·교차환율 · AJY","AUSTRALIAN DOLLAR","fx","fx_currency","","CME","AJY","AJY","JPY","unspecified","exchange_product","source_listed","source_rule","false","통화·교차환율 · AJY|AUSTRALIAN DOLLAR|CME|AJY|통화·환율|통화·교차환율","IBKR_MARGIN_20260924","","2026-09-24","",""
"ibkr:CME:CHP","통화·교차환율 · CHP","CHILEAN PESO","fx","fx_currency","","CME","CLP","CHP","USD","unspecified","exchange_product","source_listed","source_rule","false","통화·교차환율 · CHP|CHILEAN PESO|CME|CLP|CHP|통화·환율|통화·교차환율","IBKR_MARGIN_20260924","","2026-09-24","",""
"ibkr:CME:CJY","통화·교차환율 · CJY","CANADIAN DOLLAR","fx","fx_currency","","CME","CJY","CJY","JPY","unspecified","exchange_product","source_listed","source_rule","false","통화·교차환율 · CJY|CANADIAN DOLLAR|CME|CJY|통화·환율|통화·교차환율","IBKR_MARGIN_20260924","","2026-09-24","",""
"ibkr:CME:CNH","통화·교차환율 · CNH","UNITED STATES DOLLAR","fx","fx_currency","","CME","CNH","CNH","CNH","unspecified","exchange_product","source_listed","source_rule","false","통화·교차환율 · CNH|UNITED STATES DOLLAR|CME|CNH|통화·환율|통화·교차환율","IBKR_MARGIN_20260924","","2026-09-24","",""
"ibkr:CME:CZK","통화·교차환율 · CZK","CZECH KORUNA","fx","fx_currency","","CME","CZK","CZK","USD","unspecified","exchange_product","source_listed","source_rule","false","통화·교차환율 · CZK|CZECH KORUNA|CME|CZK|통화·환율|통화·교차환율","IBKR_MARGIN_20260924","","2026-09-24","",""
"ibkr:CME:E7","통화·교차환율 · E7","EUROPEAN MONETARY UNION EURO","fx","fx_currency","","CME","E7","E7","USD","unspecified","exchange_product","source_listed","source_rule","false","통화·교차환율 · E7|EUROPEAN MONETARY UNION EURO|CME|E7|통화·환율|통화·교차환율","IBKR_MARGIN_20260924","","2026-09-24","",""
"ibkr:CME:EAD","통화·교차환율 · EAD","EUROPEAN MONETARY UNION EURO","fx","fx_currency","","CME","EAD","EAD","AUD","unspecified","exchange_product","source_listed","source_rule","false","통화·교차환율 · EAD|EUROPEAN MONETARY UNION EURO|CME|EAD|통화·환율|통화·교차환율","IBKR_MARGIN_20260924","","2026-09-24","",""
"ibkr:CME:ECD","통화·교차환율 · ECD","EUROPEAN MONETARY UNION EURO","fx","fx_currency","","CME","ECD","ECD","CAD","unspecified","exchange_product","source_listed","source_rule","false","통화·교차환율 · ECD|EUROPEAN MONETARY UNION EURO|CME|ECD|통화·환율|통화·교차환율","IBKR_MARGIN_20260924","","2026-09-24","",""
"ibkr:CME:ECK","통화·교차환율 · ECK","CZECH KORUNA","fx","fx_currency","","CME","ECK","ECK","EUR","unspecified","exchange_product","source_listed","source_rule","false","통화·교차환율 · ECK|CZECH KORUNA|CME|ECK|통화·환율|통화·교차환율","IBKR_MARGIN_20260924","","2026-09-24","",""
"ibkr:CME:EHF","통화·교차환율 · EHF","HUNGARIAN FORINT","fx","fx_currency","","CME","EHF","EHF","EUR","unspecified","exchange_product","source_listed","source_rule","false","통화·교차환율 · EHF|HUNGARIAN FORINT|CME|EHF|통화·환율|통화·교차환율","IBKR_MARGIN_20260924","","2026-09-24","",""
"ibkr:CME:EPZ","통화·교차환율 · EPZ","POLISH ZLOTY","fx","fx_currency","","CME","EPZ","EPZ","EUR","unspecified","exchange_product","source_listed","source_rule","false","통화·교차환율 · EPZ|POLISH ZLOTY|CME|EPZ|통화·환율|통화·교차환율","IBKR_MARGIN_20260924","","2026-09-24","",""
"ibkr:CME:HUF","통화·교차환율 · HUF","HUNGARIAN FORINT","fx","fx_currency","","CME","HUF","HUF","USD","unspecified","exchange_product","source_listed","source_rule","false","통화·교차환율 · HUF|HUNGARIAN FORINT|CME|HUF|통화·환율|통화·교차환율","IBKR_MARGIN_20260924","","2026-09-24","",""
"ibkr:CME:ILS","통화·교차환율 · ILS","ISRAELI SHEKEL","fx","fx_currency","","CME","ILS","ILS","USD","unspecified","exchange_product","source_listed","source_rule","false","통화·교차환율 · ILS|ISRAELI SHEKEL|CME|ILS|통화·환율|통화·교차환율","IBKR_MARGIN_20260924","","2026-09-24","",""
"ibkr:CME:J7","통화·교차환율 · J7","JAPANESE YEN","fx","fx_currency","","CME","J7","J7","USD","unspecified","exchange_product","source_listed","source_rule","false","통화·교차환율 · J7|JAPANESE YEN|CME|J7|통화·환율|통화·교차환율","IBKR_MARGIN_20260924","","2026-09-24","",""
"ibkr:CME:KRW","통화·교차환율 · KRW","KOREAN WON","fx","fx_currency","","CME","KRW","KRW","USD","unspecified","exchange_product","source_listed","source_rule","false","통화·교차환율 · KRW|KOREAN WON|CME|KRW|통화·환율|통화·교차환율","IBKR_MARGIN_20260924","","2026-09-24","",""
"ibkr:CME:M6A","호주 달러 · M6A","AUSTRALIAN DOLLAR","fx","fx_currency","","CME","M6A","M6A","USD","unspecified","exchange_product","source_listed","manual","false","호주 달러 · M6A|AUSTRALIAN DOLLAR|CME|M6A|통화·환율|통화·교차환율","IBKR_MARGIN_20260924","","2026-09-24","",""
"ibkr:CME:M6B","영국 파운드 · M6B","BRITISH POUND","fx","fx_currency","","CME","M6B","M6B","USD","unspecified","exchange_product","source_listed","manual","false","영국 파운드 · M6B|BRITISH POUND|CME|M6B|통화·환율|통화·교차환율","IBKR_MARGIN_20260924","","2026-09-24","",""
"ibkr:CME:M6E","유로 · M6E","EUROPEAN MONETARY UNION EURO","fx","fx_currency","","CME","M6E","M6E","USD","unspecified","exchange_product","source_listed","manual","false","유로 · M6E|EUROPEAN MONETARY UNION EURO|CME|M6E|통화·환율|통화·교차환율","IBKR_MARGIN_20260924","","2026-09-24","",""
"ibkr:CME:MCD","통화·교차환율 · MCD","CANADIAN DOLLAR","fx","fx_currency","","CME","MCD","MCD","USD","unspecified","exchange_product","source_listed","source_rule","false","통화·교차환율 · MCD|CANADIAN DOLLAR|CME|MCD|통화·환율|통화·교차환율","IBKR_MARGIN_20260924","","2026-09-24","",""
"ibkr:CME:MIR","통화·교차환율 · MIR","INDIAN RUPEE","fx","fx_currency","","CME","MIR","MIR","USD","unspecified","exchange_product","source_listed","source_rule","false","통화·교차환율 · MIR|INDIAN RUPEE|CME|MIR|통화·환율|통화·교차환율","IBKR_MARGIN_20260924","","2026-09-24","",""
"ibkr:CME:MJY","통화·교차환율 · MJY","JAPANESE YEN","fx","fx_currency","","CME","MJY","MJY","USD","unspecified","exchange_product","source_listed","source_rule","false","통화·교차환율 · MJY|JAPANESE YEN|CME|MJY|통화·환율|통화·교차환율","IBKR_MARGIN_20260924","","2026-09-24","",""
"ibkr:CME:MSF","통화·교차환율 · MSF","SWISS FRANC","fx","fx_currency","","CME","MSF","MSF","USD","unspecified","exchange_product","source_listed","source_rule","false","통화·교차환율 · MSF|SWISS FRANC|CME|MSF|통화·환율|통화·교차환율","IBKR_MARGIN_20260924","","2026-09-24","",""
"ibkr:CME:NOK","통화·교차환율 · NOK","NORWEGIAN KRONE","fx","fx_currency","","CME","NOK","NOK","USD","unspecified","exchange_product","source_listed","source_rule","false","통화·교차환율 · NOK|NORWEGIAN KRONE|CME|NOK|통화·환율|통화·교차환율","IBKR_MARGIN_20260924","","2026-09-24","",""
"ibkr:CME:PJY","통화·교차환율 · PJY","BRITISH POUND","fx","fx_currency","","CME","PJY","PJY","JPY","unspecified","exchange_product","source_listed","source_rule","false","통화·교차환율 · PJY|BRITISH POUND|CME|PJY|통화·환율|통화·교차환율","IBKR_MARGIN_20260924","","2026-09-24","",""
"ibkr:CME:PLN","통화·교차환율 · PLN","POLISH ZLOTY","fx","fx_currency","","CME","PLN","PLN","USD","unspecified","exchange_product","source_listed","source_rule","false","통화·교차환율 · PLN|POLISH ZLOTY|CME|PLN|통화·환율|통화·교차환율","IBKR_MARGIN_20260924","","2026-09-24","",""
"ibkr:CME:PSF","통화·교차환율 · PSF","BRITISH POUND","fx","fx_currency","","CME","PSF","PSF","CHF","unspecified","exchange_product","source_listed","source_rule","false","통화·교차환율 · PSF|BRITISH POUND|CME|PSF|통화·환율|통화·교차환율","IBKR_MARGIN_20260924","","2026-09-24","",""
"ibkr:CME:RF","통화·교차환율 · RF","EUROPEAN MONETARY UNION EURO","fx","fx_currency","","CME","RF","RF","CHF","unspecified","exchange_product","source_listed","source_rule","false","통화·교차환율 · RF|EUROPEAN MONETARY UNION EURO|CME|RF|통화·환율|통화·교차환율","IBKR_MARGIN_20260924","","2026-09-24","",""
"ibkr:CME:RMB","통화·교차환율 · RMB","CME CHINESE RENMINBI IN US DOLLAR CROSS RATE","fx","fx_currency","","CME","RMB","RMB","USD","unspecified","exchange_product","source_listed","source_rule","false","통화·교차환율 · RMB|CME CHINESE RENMINBI IN US DOLLAR CROSS RATE|CME|RMB|통화·환율|통화·교차환율","IBKR_MARGIN_20260924","","2026-09-24","",""
"ibkr:CME:RME","통화·교차환율 · RME","CME CHINESE RENMINBI IN EURO CROSS RATE","fx","fx_currency","","CME","RME","RME","EUR","unspecified","exchange_product","source_listed","source_rule","false","통화·교차환율 · RME|CME CHINESE RENMINBI IN EURO CROSS RATE|CME|RME|통화·환율|통화·교차환율","IBKR_MARGIN_20260924","","2026-09-24","",""
"ibkr:CME:RP","통화·교차환율 · RP","EUROPEAN MONETARY UNION EURO","fx","fx_currency","","CME","RP","RP","GBP","unspecified","exchange_product","source_listed","source_rule","false","통화·교차환율 · RP|EUROPEAN MONETARY UNION EURO|CME|RP|통화·환율|통화·교차환율","IBKR_MARGIN_20260924","","2026-09-24","",""
"ibkr:CME:RY","통화·교차환율 · RY","EUROPEAN MONETARY UNION EURO","fx","fx_currency","","CME","RY","RY","JPY","unspecified","exchange_product","source_listed","source_rule","false","통화·교차환율 · RY|EUROPEAN MONETARY UNION EURO|CME|RY|통화·환율|통화·교차환율","IBKR_MARGIN_20260924","","2026-09-24","",""
"ibkr:CME:SEK","통화·교차환율 · SEK","SWEDISH KRONA","fx","fx_currency","","CME","SEK","SEK","USD","unspecified","exchange_product","source_listed","source_rule","false","통화·교차환율 · SEK|SWEDISH KRONA|CME|SEK|통화·환율|통화·교차환율","IBKR_MARGIN_20260924","","2026-09-24","",""
"ibkr:CME:SIR","통화·교차환율 · SIR","INDIAN RUPEE","fx","fx_currency","","CME","SIR","SIR","USD","unspecified","exchange_product","source_listed","source_rule","false","통화·교차환율 · SIR|INDIAN RUPEE|CME|SIR|통화·환율|통화·교차환율","IBKR_MARGIN_20260924","","2026-09-24","",""
"ibkr:CME:SJY","통화·교차환율 · SJY","SWISS FRANC","fx","fx_currency","","CME","SJY","SJY","JPY","unspecified","exchange_product","source_listed","source_rule","false","통화·교차환율 · SJY|SWISS FRANC|CME|SJY|통화·환율|통화·교차환율","IBKR_MARGIN_20260924","","2026-09-24","",""
"ibkr:HKFE:MCS","통화·교차환율 · MCS","UNITED STATES DOLLAR","fx","fx_currency","","HKFE","MCS","MCS","CNH","unspecified","exchange_product","source_listed","source_rule","false","통화·교차환율 · MCS|UNITED STATES DOLLAR|HKFE|MCS|통화·환율|통화·교차환율","IBKR_MARGIN_20260924","","2026-09-24","",""
"ibkr:ICEEU:ER3","통화·교차환율 · ER3","COMPOUNDED ESTR AVERAGE 3 MONTHS RATE","fx","fx_currency","","ICEEU","ER3","ER3","EUR","unspecified","exchange_product","source_listed","source_rule","false","통화·교차환율 · ER3|COMPOUNDED ESTR AVERAGE 3 MONTHS RATE|ICEEU|ER3|통화·환율|통화·교차환율","IBKR_MARGIN_20260924","","2026-09-24","",""
"ibkr:ICEUS:KAU","통화·교차환율 · KAU","AUSTRALIAN DOLLAR","fx","fx_currency","","ICEUS","AUD","KAU","USD","unspecified","exchange_product","source_listed","source_rule","false","통화·교차환율 · KAU|AUSTRALIAN DOLLAR|ICEUS|AUD|KAU|통화·환율|통화·교차환율","IBKR_MARGIN_20260924","","2026-09-24","",""
"ibkr:ICEUS:KEJ","통화·교차환율 · KEJ","NYBOT EURO IN JAPANESE YEN","fx","fx_currency","","ICEUS","EJ","KEJ","JPY","unspecified","exchange_product","source_listed","source_rule","false","통화·교차환율 · KEJ|NYBOT EURO IN JAPANESE YEN|ICEUS|EJ|KEJ|통화·환율|통화·교차환율","IBKR_MARGIN_20260924","","2026-09-24","",""
"ibkr:ICEUS:KEO","통화·교차환율 · KEO","EUROPEAN MONETARY UNION EURO","fx","fx_currency","","ICEUS","EO","KEO","USD","unspecified","exchange_product","source_listed","source_rule","false","통화·교차환율 · KEO|EUROPEAN MONETARY UNION EURO|ICEUS|EO|KEO|통화·환율|통화·교차환율","IBKR_MARGIN_20260924","","2026-09-24","",""
"ibkr:ICEUS:KEP","통화·교차환율 · KEP","EUROPEAN MONETARY UNION EURO","fx","fx_currency","","ICEUS","ECD","KEP","CAD","unspecified","exchange_product","source_listed","source_rule","false","통화·교차환율 · KEP|EUROPEAN MONETARY UNION EURO|ICEUS|ECD|KEP|통화·환율|통화·교차환율","IBKR_MARGIN_20260924","","2026-09-24","",""
"ibkr:ICEUS:KGB","통화·교차환율 · KGB","EUROPEAN MONETARY UNION EURO","fx","fx_currency","","ICEUS","GB","KGB","GBP","unspecified","exchange_product","source_listed","source_rule","false","통화·교차환율 · KGB|EUROPEAN MONETARY UNION EURO|ICEUS|GB|KGB|통화·환율|통화·교차환율","IBKR_MARGIN_20260924","","2026-09-24","",""
"ibkr:ICEUS:KRA","통화·교차환율 · KRA","EUROPEAN MONETARY UNION EURO","fx","fx_currency","","ICEUS","EAD","KRA","AUD","unspecified","exchange_product","source_listed","source_rule","false","통화·교차환율 · KRA|EUROPEAN MONETARY UNION EURO|ICEUS|EAD|KRA|통화·환율|통화·교차환율","IBKR_MARGIN_20260924","","2026-09-24","",""
"ibkr:ICEUS:KRZ","통화·교차환율 · KRZ","NYBOT EURO IN SWISS FRANC","fx","fx_currency","","ICEUS","RZ","KRZ","CHF","unspecified","exchange_product","source_listed","source_rule","false","통화·교차환율 · KRZ|NYBOT EURO IN SWISS FRANC|ICEUS|RZ|KRZ|통화·환율|통화·교차환율","IBKR_MARGIN_20260924","","2026-09-24","",""
"ibkr:ICEUS:KZY","통화·교차환율 · KZY","SWISS FRANC","fx","fx_currency","","ICEUS","ZY","KZY","JPY","unspecified","exchange_product","source_listed","source_rule","false","통화·교차환율 · KZY|SWISS FRANC|ICEUS|ZY|KZY|통화·환율|통화·교차환율","IBKR_MARGIN_20260924","","2026-09-24","",""
"ibkr:ICEUS:MP","통화·교차환율 · MP","BRITISH POUND","fx","fx_currency","","ICEUS","MP","MP","USD","unspecified","exchange_product","source_listed","source_rule","false","통화·교차환율 · MP|BRITISH POUND|ICEUS|MP|통화·환율|통화·교차환율","IBKR_MARGIN_20260924","","2026-09-24","",""
"ibkr:ICEUS:SS","통화·교차환율 · SS","BRITISH POUND IN SWISS FRANC","fx","fx_currency","","ICEUS","SS","SS","CHF","unspecified","exchange_product","source_listed","source_rule","false","통화·교차환율 · SS|BRITISH POUND IN SWISS FRANC|ICEUS|SS|통화·환율|통화·교차환율","IBKR_MARGIN_20260924","","2026-09-24","",""
"ibkr:ICEUS:SY","통화·교차환율 · SY","BRITISH POUND","fx","fx_currency","","ICEUS","GBP","SY","JPY","unspecified","exchange_product","source_listed","source_rule","false","통화·교차환율 · SY|BRITISH POUND|ICEUS|GBP|SY|통화·환율|통화·교차환율","IBKR_MARGIN_20260924","","2026-09-24","",""
"ibkr:KSE:75","통화·교차환율 · 75","UNITED STATES DOLLAR","fx","fx_currency","","KSE","KWY","75","KRW","unspecified","exchange_product","source_listed","source_rule","false","통화·교차환율 · 75|UNITED STATES DOLLAR|KSE|KWY|75|통화·환율|통화·교차환율","IBKR_MARGIN_20260924","","2026-09-24","",""
"ibkr:MEXDER:EU","통화·교차환율 · EU","EUROPEAN MONETARY UNION EURO","fx","fx_currency","","MEXDER","EURO","EU","MXN","unspecified","exchange_product","source_listed","source_rule","false","통화·교차환율 · EU|EUROPEAN MONETARY UNION EURO|MEXDER|EURO|EU|통화·환율|통화·교차환율","IBKR_MARGIN_20260924","","2026-09-24","",""
"ibkr:NSE:EURINR","통화·교차환율 · EURINR","EURO IN INDIAN RUPEE","fx","fx_currency","","NSE","EURINR","EURINR","INR","unspecified","exchange_product","source_listed","source_rule","false","통화·교차환율 · EURINR|EURO IN INDIAN RUPEE|NSE|EURINR|통화·환율|통화·교차환율","IBKR_MARGIN_20260924","","2026-09-24","",""
"ibkr:NSE:GBPINR","통화·교차환율 · GBPINR","BRITISH POUNDS IN INDIAN RUPEE","fx","fx_currency","","NSE","GBPINR","GBPINR","INR","unspecified","exchange_product","source_listed","source_rule","false","통화·교차환율 · GBPINR|BRITISH POUNDS IN INDIAN RUPEE|NSE|GBPINR|통화·환율|통화·교차환율","IBKR_MARGIN_20260924","","2026-09-24","",""
"ibkr:NSE:JPYINR","통화·교차환율 · JPYINR","JAPANESE YEN IN INDIAN RUPEE","fx","fx_currency","","NSE","JPYINR","JPYINR","INR","unspecified","exchange_product","source_listed","source_rule","false","통화·교차환율 · JPYINR|JAPANESE YEN IN INDIAN RUPEE|NSE|JPYINR|통화·환율|통화·교차환율","IBKR_MARGIN_20260924","","2026-09-24","",""
"ibkr:NSE:USDINR","통화·교차환율 · USDINR","US DOLLARS IN INDIAN RUPEE","fx","fx_currency","","NSE","USDINR","USDINR","INR","unspecified","exchange_product","source_listed","source_rule","false","통화·교차환율 · USDINR|US DOLLARS IN INDIAN RUPEE|NSE|USDINR|통화·환율|통화·교차환율","IBKR_MARGIN_20260924","","2026-09-24","",""
"ibkr:QBALGOIUS:DX","통화·교차환율 · DX","NYBOT US DOLLAR FX","fx","fx_currency","dollar_index","QBALGOIUS","DX","DX","USD","unspecified","routing_alias","source_listed","source_rule","false","통화·교차환율 · DX|NYBOT US DOLLAR FX|QBALGOIUS|DX|dollar_index|통화·환율|통화·교차환율","IBKR_MARGIN_20260924","","2026-09-24","ibkr:NYBOT:DX",""
"ibkr:SGX:AJ","통화·교차환율 · AJ","SGX AUSTRALIAN DOLLAR IN JAPANESE YEN FUTURES","fx","fx_currency","","SGX","AJ","AJ","JPY","unspecified","exchange_product","source_listed","source_rule","false","통화·교차환율 · AJ|SGX AUSTRALIAN DOLLAR IN JAPANESE YEN FUTURES|SGX|AJ|통화·환율|통화·교차환율","IBKR_MARGIN_20260924","","2026-09-24","",""
"ibkr:SGX:AU","통화·교차환율 · AU","SGX AUSTRALIAN DOLLAR IN US DOLLAR FUTURES","fx","fx_currency","","SGX","AU","AU","USD","unspecified","exchange_product","source_listed","source_rule","false","통화·교차환율 · AU|SGX AUSTRALIAN DOLLAR IN US DOLLAR FUTURES|SGX|AU|통화·환율|통화·교차환율","IBKR_MARGIN_20260924","","2026-09-24","",""
"ibkr:SGX:CY","통화·교차환율 · CY","SGX ONSHORE CHINESE RENMINBI (CNY) IN US DOLLAR FUTURES","fx","fx_currency","","SGX","CY","CY","USD","unspecified","exchange_product","source_listed","source_rule","false","통화·교차환율 · CY|SGX ONSHORE CHINESE RENMINBI (CNY) IN US DOLLAR FUTURES|SGX|CY|통화·환율|통화·교차환율","IBKR_MARGIN_20260924","","2026-09-24","",""
"ibkr:SGX:INR","통화·교차환율 · INR","UNITED STATES DOLLAR","fx","fx_currency","","SGX","INR","INR","USD","unspecified","exchange_product","source_listed","source_rule","false","통화·교차환율 · INR|UNITED STATES DOLLAR|SGX|INR|통화·환율|통화·교차환율","IBKR_MARGIN_20260924","","2026-09-24","",""
"ibkr:SGX:INX","통화·교차환율 · INX","SGX USD/INR (USD) MONTH-END","fx","fx_currency","","SGX","INX","INX","USD","unspecified","exchange_product","source_listed","source_rule","false","통화·교차환율 · INX|SGX USD/INR (USD) MONTH-END|SGX|INX|통화·환율|통화·교차환율","IBKR_MARGIN_20260924","","2026-09-24","",""
"ibkr:SGX:IU","통화·교차환율 · IU","SGX INDIAN RUPEE IN US DOLLAR FUTURES","fx","fx_currency","","SGX","IU","IU","USD","unspecified","exchange_product","source_listed","source_rule","false","통화·교차환율 · IU|SGX INDIAN RUPEE IN US DOLLAR FUTURES|SGX|IU|통화·환율|통화·교차환율","IBKR_MARGIN_20260924","","2026-09-24","",""
"ibkr:SGX:KJ","통화·교차환율 · KJ","SGX KOREAN WON IN JAPANESE YEN FUTURES","fx","fx_currency","","SGX","KJ","KJ","JPY","unspecified","exchange_product","source_listed","source_rule","false","통화·교차환율 · KJ|SGX KOREAN WON IN JAPANESE YEN FUTURES|SGX|KJ|통화·환율|통화·교차환율","IBKR_MARGIN_20260924","","2026-09-24","",""
"ibkr:SGX:KRW","통화·교차환율 · KRW","KOREAN WON","fx","fx_currency","","SGX","KRW","KRW","USD","unspecified","exchange_product","source_listed","source_rule","false","통화·교차환율 · KRW|KOREAN WON|SGX|KRW|통화·환율|통화·교차환율","IBKR_MARGIN_20260924","","2026-09-24","",""
"ibkr:SGX:KU","통화·교차환율 · KU","SGX KOREAN WON IN US DOLLAR FUTURES (MINI)","fx","fx_currency","","SGX","KU","KU","USD","mini","exchange_product","source_listed","source_rule","false","통화·교차환율 · KU|SGX KOREAN WON IN US DOLLAR FUTURES (MINI)|SGX|KU|통화·환율|통화·교차환율","IBKR_MARGIN_20260924","","2026-09-24","",""
"ibkr:SGX:MTWD","통화·교차환율 · MTWD","SGX TAIWAN DOLLAR IN US DOLLAR FUTURES (MICRO)","fx","fx_currency","","SGX","MTWD","MTWD","USD","micro","exchange_product","source_listed","source_rule","false","통화·교차환율 · MTWD|SGX TAIWAN DOLLAR IN US DOLLAR FUTURES (MICRO)|SGX|MTWD|통화·환율|통화·교차환율","IBKR_MARGIN_20260924","","2026-09-24","",""
"ibkr:SGX:MUC","통화·교차환율 · MUC","SGX USD/CNH FUTURES (MINI)","fx","fx_currency","","SGX","MUC","MUC","CNH","mini","exchange_product","source_listed","source_rule","false","통화·교차환율 · MUC|SGX USD/CNH FUTURES (MINI)|SGX|MUC|통화·환율|통화·교차환율","IBKR_MARGIN_20260924","","2026-09-24","",""
"ibkr:SGX:SND","통화·교차환율 · SND","SGX US DOLLAR IN SINGAPORE DOLLAR FUTURES (FULL-SIZED)","fx","fx_currency","","SGX","SND","SND","SGD","unspecified","exchange_product","source_listed","source_rule","false","통화·교차환율 · SND|SGX US DOLLAR IN SINGAPORE DOLLAR FUTURES (FULL-SIZED)|SGX|SND|통화·환율|통화·교차환율","IBKR_MARGIN_20260924","","2026-09-24","",""
"ibkr:SGX:TONA","통화·교차환율 · TONA","3 MONTH COMPOUNDED TONA","fx","fx_currency","","SGX","TONA","TONA","JPY","unspecified","exchange_product","source_listed","source_rule","false","통화·교차환율 · TONA|3 MONTH COMPOUNDED TONA|SGX|TONA|통화·환율|통화·교차환율","IBKR_MARGIN_20260924","","2026-09-24","",""
"ibkr:SGX:TU","통화·교차환율 · TU","SGX THAI BAHT IN US DOLLAR FUTURES","fx","fx_currency","","SGX","SGXTU","TU","USD","unspecified","exchange_product","source_listed","source_rule","false","통화·교차환율 · TU|SGX THAI BAHT IN US DOLLAR FUTURES|SGX|SGXTU|TU|통화·환율|통화·교차환율","IBKR_MARGIN_20260924","","2026-09-24","",""
"ibkr:SGX:TWD","통화·교차환율 · TWD","SGX TAIWAN DOLLAR IN US DOLLAR FUTURES (FULL-SIZED)","fx","fx_currency","","SGX","TWD","TWD","USD","unspecified","exchange_product","source_listed","source_rule","false","통화·교차환율 · TWD|SGX TAIWAN DOLLAR IN US DOLLAR FUTURES (FULL-SIZED)|SGX|TWD|통화·환율|통화·교차환율","IBKR_MARGIN_20260924","","2026-09-24","",""
"ibkr:SGX:UC","통화·교차환율 · UC","SGX US DOLLAR IN OFFSHORE CHINESE RENMINBI (CNH)","fx","fx_currency","","SGX","UC","UC","CNH","unspecified","exchange_product","source_listed","source_rule","false","통화·교차환율 · UC|SGX US DOLLAR IN OFFSHORE CHINESE RENMINBI (CNH)|SGX|UC|통화·환율|통화·교차환율","IBKR_MARGIN_20260924","","2026-09-24","",""
"ibkr:SGX:UJ","통화·교차환율 · UJ","SGX US DOLLAR IN JAPANESE YEN FUTURES (TITAN)","fx","fx_currency","","SGX","UJ","UJ","JPY","unspecified","exchange_product","source_listed","source_rule","false","통화·교차환율 · UJ|SGX US DOLLAR IN JAPANESE YEN FUTURES (TITAN)|SGX|UJ|통화·환율|통화·교차환율","IBKR_MARGIN_20260924","","2026-09-24","",""
"ibkr:SGX:US","통화·교차환율 · US","SGX US DOLLAR IN SINGAPORE DOLLAR (MINI) FUTURES","fx","fx_currency","","SGX","US","US","SGD","mini","exchange_product","source_listed","source_rule","false","통화·교차환율 · US|SGX US DOLLAR IN SINGAPORE DOLLAR (MINI) FUTURES|SGX|US|통화·환율|통화·교차환율","IBKR_MARGIN_20260924","","2026-09-24","",""
"ibkr:SGX:UY","통화·교차환율 · UY","SGX US DOLLAR IN JAPANESE YEN FUTURES (STANDARD)","fx","fx_currency","","SGX","UY","UY","JPY","unspecified","exchange_product","source_listed","source_rule","false","통화·교차환율 · UY|SGX US DOLLAR IN JAPANESE YEN FUTURES (STANDARD)|SGX|UY|통화·환율|통화·교차환율","IBKR_MARGIN_20260924","","2026-09-24","",""
"ibkr:NYBOT:DX","미국 달러지수","NYBOT US DOLLAR FX","fx","fx_dollar_index","dollar_index","NYBOT","DX","DX","USD","unspecified","exchange_product","source_listed","manual","false","미국 달러지수|NYBOT US DOLLAR FX|NYBOT|DX|dollar_index|통화·환율|달러인덱스|달러지수|DXY|dollar|index","IBKR_MARGIN_20260924","","2026-09-24","",""
"ibkr:CFE:PBT","비트코인 · PBT","CBOE KAIKO BITCOIN INDEX","crypto","crypto_bitcoin","bitcoin","CFE","PBT","PBT","USD","unspecified","exchange_product","source_listed","source_rule","false","비트코인 · PBT|CBOE KAIKO BITCOIN INDEX|CFE|PBT|bitcoin|암호자산|비트코인","IBKR_MARGIN_20260924","","2026-09-24","",""
"ibkr:CME:BFF","비트코인 · BFF","CME CF BITCOIN REFERENCE RATE NEW YORK - BFF FUTURES","crypto","crypto_bitcoin","bitcoin","CME","BFF","BFF","USD","unspecified","exchange_product","source_listed","manual","false","비트코인 · BFF|CME CF BITCOIN REFERENCE RATE NEW YORK - BFF FUTURES|CME|BFF|bitcoin|암호자산|비트코인|btc","IBKR_MARGIN_20260924","","2026-09-24","",""
"ibkr:CME:BTC","비트코인","CME CF BITCOIN REFERENCE RATE","crypto","crypto_bitcoin","bitcoin","CME","BRR","BTC","USD","standard","exchange_product","source_listed","manual","true","비트코인|CME CF BITCOIN REFERENCE RATE|CME|BRR|BTC|bitcoin|암호자산|btc","IBKR_MARGIN_20260924","","2026-09-24","",""
"ibkr:CME:BTE","비트코인 유로 계약","CME CF BITCOIN-EURO REFERENCE RATE","crypto","crypto_bitcoin","bitcoin","CME","BTCEURRR","BTE","EUR","unspecified","exchange_product","source_listed","manual","false","비트코인 유로 계약|CME CF BITCOIN-EURO REFERENCE RATE|CME|BTCEURRR|BTE|bitcoin|암호자산|비트코인|btc","IBKR_MARGIN_20260924","","2026-09-24","",""
"ibkr:CME:MBT","마이크로 비트코인","MICRO BITCOIN","crypto","crypto_bitcoin","bitcoin","CME","MBT","MBT","USD","micro","exchange_product","source_listed","manual","true","마이크로 비트코인|MICRO BITCOIN|CME|MBT|bitcoin|암호자산|비트코인|btc","IBKR_MARGIN_20260924","","2026-09-24","",""
"ibkr:CME:QBTC","비트코인 현물호가형","SPOT-QUOTED BITCOIN","crypto","crypto_bitcoin","bitcoin","CME","QBTC","QBTC","USD","unspecified","exchange_product","source_listed","manual","false","비트코인 현물호가형|SPOT-QUOTED BITCOIN|CME|QBTC|bitcoin|암호자산|비트코인|btc","IBKR_MARGIN_20260924","","2026-09-24","",""
"ibkr:CME:QTF","비트코인 청산선물","SPOT-QUOTED BITCOIN (CLEARED FUTURE)","crypto","crypto_bitcoin","bitcoin","CME","QTF","QTF","USD","unspecified","exchange_product","source_listed","manual","false","비트코인 청산선물|SPOT-QUOTED BITCOIN (CLEARED FUTURE)|CME|QTF|bitcoin|암호자산|비트코인|btc","IBKR_MARGIN_20260924","","2026-09-24","",""
"ibkr:COINDERIV:BIP","나노 비트코인 · BIP","Nano Bitcoin Futures BIP","crypto","crypto_bitcoin","bitcoin","COINDERIV","BIP","BIP","USD","unspecified","exchange_product","name_enriched","manual","false","나노 비트코인 · BIP|Nano Bitcoin Futures BIP|COINDERIV|BIP|bitcoin|암호자산|비트코인","IBKR_MARGIN_20260924","IBKR_COINBASE","2026-09-24","","공식 출처로 표시명을 보강. 원문은 RawSource에 보존."
"ibkr:COINDERIV:BIT","나노 비트코인 · BIT","Nano Bitcoin Futures BIT","crypto","crypto_bitcoin","bitcoin","COINDERIV","BIT","BIT","USD","unspecified","exchange_product","name_enriched","manual","false","나노 비트코인 · BIT|Nano Bitcoin Futures BIT|COINDERIV|BIT|bitcoin|암호자산|비트코인","IBKR_MARGIN_20260924","IBKR_COINBASE","2026-09-24","","공식 출처로 표시명을 보강. 원문은 RawSource에 보존."
"ibkr:CFE:PET","이더리움 · PET","CBOE KAIKO ETHER INDEX","crypto","crypto_ether","ether","CFE","PET","PET","USD","unspecified","exchange_product","source_listed","source_rule","false","이더리움 · PET|CBOE KAIKO ETHER INDEX|CFE|PET|ether|암호자산|이더리움","IBKR_MARGIN_20260924","","2026-09-24","",""
"ibkr:CME:EEM","마이크로 이더리움 유로","MICRO ETHER EURO","crypto","crypto_ether","ether","CME","EEM","EEM","EUR","micro","exchange_product","source_listed","manual","false","마이크로 이더리움 유로|MICRO ETHER EURO|CME|EEM|ether|암호자산|이더리움|이더|ethereum","IBKR_MARGIN_20260924","","2026-09-24","",""
"ibkr:CME:ETE","이더리움 유로","CME CF ETHER-EURO REFERENCE RATE","crypto","crypto_ether","ether","CME","ETHEURRR","ETE","EUR","unspecified","exchange_product","source_listed","manual","false","이더리움 유로|CME CF ETHER-EURO REFERENCE RATE|CME|ETHEURRR|ETE|ether|암호자산|이더리움|이더|ethereum","IBKR_MARGIN_20260924","","2026-09-24","",""
"ibkr:CME:ETH","이더리움","CME CF ETHER-DOLLAR REFERENCE RATE","crypto","crypto_ether","ether","CME","ETHUSDRR","ETH","USD","standard","exchange_product","source_listed","manual","true","이더리움|CME CF ETHER-DOLLAR REFERENCE RATE|CME|ETHUSDRR|ETH|ether|암호자산|이더|ethereum","IBKR_MARGIN_20260924","","2026-09-24","",""
"ibkr:CME:MET","마이크로 이더리움","MICRO ETHER","crypto","crypto_ether","ether","CME","MET","MET","USD","micro","exchange_product","source_listed","manual","false","마이크로 이더리움|MICRO ETHER|CME|MET|ether|암호자산|이더리움|이더|ethereum","IBKR_MARGIN_20260924","","2026-09-24","",""
"ibkr:CME:QEF","이더리움 청산선물","SPOT-QUOTED ETHER (CLEARED FUTURE)","crypto","crypto_ether","ether","CME","QEF","QEF","USD","unspecified","exchange_product","source_listed","manual","false","이더리움 청산선물|SPOT-QUOTED ETHER (CLEARED FUTURE)|CME|QEF|ether|암호자산|이더리움|이더|ethereum","IBKR_MARGIN_20260924","","2026-09-24","",""
"ibkr:CME:QETH","이더리움 현물호가형","SPOT-QUOTED ETHER FUTURE","crypto","crypto_ether","ether","CME","QETH","QETH","USD","unspecified","exchange_product","source_listed","manual","false","이더리움 현물호가형|SPOT-QUOTED ETHER FUTURE|CME|QETH|ether|암호자산|이더리움|이더|ethereum","IBKR_MARGIN_20260924","","2026-09-24","",""
"ibkr:COINDERIV:ET","나노 이더리움 · ET","Nano Ether Futures ET","crypto","crypto_ether","ether","COINDERIV","ET","ET","USD","unspecified","exchange_product","name_enriched","manual","false","나노 이더리움 · ET|Nano Ether Futures ET|COINDERIV|ET|ether|암호자산|이더리움","IBKR_MARGIN_20260924","IBKR_COINBASE","2026-09-24","","공식 출처로 표시명을 보강. 원문은 RawSource에 보존."
"ibkr:COINDERIV:ETP","나노 이더리움 · ETP","Nano Ether Futures ETP","crypto","crypto_ether","ether","COINDERIV","ETP","ETP","USD","unspecified","exchange_product","name_enriched","manual","false","나노 이더리움 · ETP|Nano Ether Futures ETP|COINDERIV|ETP|ether|암호자산|이더리움","IBKR_MARGIN_20260924","IBKR_COINBASE","2026-09-24","","공식 출처로 표시명을 보강. 원문은 RawSource에 보존."
"ibkr:CME:ADA","카르다노","CME CF CARDANO – DOLLAR REFERENCE RATE","crypto","crypto_altcoins","","CME","ADA","ADA","USD","unspecified","exchange_product","source_listed","manual","false","카르다노|CME CF CARDANO – DOLLAR REFERENCE RATE|CME|ADA|암호자산|기타 암호자산","IBKR_MARGIN_20260924","","2026-09-24","",""
"ibkr:CME:LNK","체인링크","CME CF CHAINLINK - DOLLAR REFERENCE RATE","crypto","crypto_altcoins","","CME","LNK","LNK","USD","unspecified","exchange_product","source_listed","manual","false","체인링크|CME CF CHAINLINK - DOLLAR REFERENCE RATE|CME|LNK|암호자산|기타 암호자산","IBKR_MARGIN_20260924","","2026-09-24","",""
"ibkr:CME:MLN","마이크로 체인링크","MICRO CHAINLINK","crypto","crypto_altcoins","","CME","MLN","MLN","USD","micro","exchange_product","source_listed","manual","false","마이크로 체인링크|MICRO CHAINLINK|CME|MLN|암호자산|기타 암호자산","IBKR_MARGIN_20260924","","2026-09-24","",""
"ibkr:CME:MSL","마이크로 솔라나","MICRO SOLANA","crypto","crypto_altcoins","","CME","MSL","MSL","USD","micro","exchange_product","source_listed","manual","false","마이크로 솔라나|MICRO SOLANA|CME|MSL|암호자산|기타 암호자산","IBKR_MARGIN_20260924","","2026-09-24","",""
"ibkr:CME:MXL","마이크로 스텔라 루멘","MICRO LUMENS","crypto","crypto_altcoins","","CME","MXL","MXL","USD","micro","exchange_product","source_listed","manual","false","마이크로 스텔라 루멘|MICRO LUMENS|CME|MXL|암호자산|기타 암호자산","IBKR_MARGIN_20260924","","2026-09-24","",""
"ibkr:CME:MXP","마이크로 XRP","MICRO XRP","crypto","crypto_altcoins","","CME","MXP","MXP","USD","micro","exchange_product","source_listed","manual","false","마이크로 XRP|MICRO XRP|CME|MXP|암호자산|기타 암호자산","IBKR_MARGIN_20260924","","2026-09-24","",""
"ibkr:CME:SOL","솔라나","CME CF SOLANA – DOLLAR REFERENCE RATE","crypto","crypto_altcoins","","CME","SOL","SOL","USD","unspecified","exchange_product","source_listed","manual","true","솔라나|CME CF SOLANA – DOLLAR REFERENCE RATE|CME|SOL|암호자산|기타 암호자산","IBKR_MARGIN_20260924","","2026-09-24","",""
"ibkr:CME:XLM","스텔라 루멘","CME CF STELLAR LUMENS – DOLLAR REFERENCE RATE","crypto","crypto_altcoins","","CME","XLM","XLM","USD","unspecified","exchange_product","source_listed","manual","false","스텔라 루멘|CME CF STELLAR LUMENS – DOLLAR REFERENCE RATE|CME|XLM|암호자산|기타 암호자산","IBKR_MARGIN_20260924","","2026-09-24","",""
"ibkr:CME:XRP","XRP","CME CF XRP-DOLLAR REFERENCE RATE-NEW YORK VARIANT","crypto","crypto_altcoins","","CME","XRP","XRP","USD","unspecified","exchange_product","source_listed","manual","false","XRP|CME CF XRP-DOLLAR REFERENCE RATE-NEW YORK VARIANT|CME|암호자산|기타 암호자산","IBKR_MARGIN_20260924","","2026-09-24","",""
"ibkr:KSE:0Q","한국 주식선물 · 000670","Product identity requires review (KSE 0Q)","single_stock","single_stock_korea","","KSE","000670","0Q","KRW","unspecified","exchange_product","name_review","source_rule","false","한국 주식선물 · 000670|Product identity requires review (KSE 0Q)|KSE|000670|0Q|개별주식·바스켓|한국 개별주식","IBKR_MARGIN_20260924","","2026-09-24","","원문 상품명에 불일치 가능성. 잘못된 원문은 기본 검색·분류명에 사용하지 않음."
"ibkr:KSE:11","한국 주식선물 · 005930","Product identity requires review (KSE 11)","single_stock","single_stock_korea","","KSE","005930","11","KRW","unspecified","exchange_product","name_review","source_rule","false","한국 주식선물 · 005930|Product identity requires review (KSE 11)|KSE|005930|11|개별주식·바스켓|한국 개별주식","IBKR_MARGIN_20260924","","2026-09-24","","원문 상품명에 불일치 가능성. 잘못된 원문은 기본 검색·분류명에 사용하지 않음."
"ibkr:KSE:12","한국 주식선물 · 017670","Product identity requires review (KSE 12)","single_stock","single_stock_korea","","KSE","017670","12","KRW","unspecified","exchange_product","name_review","source_rule","false","한국 주식선물 · 017670|Product identity requires review (KSE 12)|KSE|017670|12|개별주식·바스켓|한국 개별주식","IBKR_MARGIN_20260924","","2026-09-24","","원문 상품명에 불일치 가능성. 잘못된 원문은 기본 검색·분류명에 사용하지 않음."
"ibkr:KSE:13","한국 주식선물 · 005490","Product identity requires review (KSE 13)","single_stock","single_stock_korea","","KSE","005490","13","KRW","unspecified","exchange_product","name_review","source_rule","false","한국 주식선물 · 005490|Product identity requires review (KSE 13)|KSE|005490|13|개별주식·바스켓|한국 개별주식","IBKR_MARGIN_20260924","","2026-09-24","","원문 상품명에 불일치 가능성. 잘못된 원문은 기본 검색·분류명에 사용하지 않음."
"ibkr:KSE:14","한국 주식선물 · 030200","Product identity requires review (KSE 14)","single_stock","single_stock_korea","","KSE","030200","14","KRW","unspecified","exchange_product","name_review","source_rule","false","한국 주식선물 · 030200|Product identity requires review (KSE 14)|KSE|030200|14|개별주식·바스켓|한국 개별주식","IBKR_MARGIN_20260924","","2026-09-24","","원문 상품명에 불일치 가능성. 잘못된 원문은 기본 검색·분류명에 사용하지 않음."
"ibkr:KSE:15","한국 주식선물 · 015760","Product identity requires review (KSE 15)","single_stock","single_stock_korea","","KSE","015760","15","KRW","unspecified","exchange_product","name_review","source_rule","false","한국 주식선물 · 015760|Product identity requires review (KSE 15)|KSE|015760|15|개별주식·바스켓|한국 개별주식","IBKR_MARGIN_20260924","","2026-09-24","","원문 상품명에 불일치 가능성. 잘못된 원문은 기본 검색·분류명에 사용하지 않음."
"ibkr:KSE:16","한국 주식선물 · 005380","Product identity requires review (KSE 16)","single_stock","single_stock_korea","","KSE","005380","16","KRW","unspecified","exchange_product","name_review","source_rule","false","한국 주식선물 · 005380|Product identity requires review (KSE 16)|KSE|005380|16|개별주식·바스켓|한국 개별주식","IBKR_MARGIN_20260924","","2026-09-24","","원문 상품명에 불일치 가능성. 잘못된 원문은 기본 검색·분류명에 사용하지 않음."
"ibkr:KSE:17","한국 주식선물 · 016360","Product identity requires review (KSE 17)","single_stock","single_stock_korea","","KSE","016360","17","KRW","unspecified","exchange_product","name_review","source_rule","false","한국 주식선물 · 016360|Product identity requires review (KSE 17)|KSE|016360|17|개별주식·바스켓|한국 개별주식","IBKR_MARGIN_20260924","","2026-09-24","","원문 상품명에 불일치 가능성. 잘못된 원문은 기본 검색·분류명에 사용하지 않음."
"ibkr:KSE:18","한국 주식선물 · 055550","Product identity requires review (KSE 18)","single_stock","single_stock_korea","","KSE","055550","18","KRW","unspecified","exchange_product","name_review","source_rule","false","한국 주식선물 · 055550|Product identity requires review (KSE 18)|KSE|055550|18|개별주식·바스켓|한국 개별주식","IBKR_MARGIN_20260924","","2026-09-24","","원문 상품명에 불일치 가능성. 잘못된 원문은 기본 검색·분류명에 사용하지 않음."
"ibkr:KSE:19","한국 주식선물 · 000270","Product identity requires review (KSE 19)","single_stock","single_stock_korea","","KSE","000270","19","KRW","unspecified","exchange_product","name_review","source_rule","false","한국 주식선물 · 000270|Product identity requires review (KSE 19)|KSE|000270|19|개별주식·바스켓|한국 개별주식","IBKR_MARGIN_20260924","","2026-09-24","","원문 상품명에 불일치 가능성. 잘못된 원문은 기본 검색·분류명에 사용하지 않음."
"ibkr:KSE:1T","한국 주식선물 · 007340","Product identity requires review (KSE 1T)","single_stock","single_stock_korea","","KSE","007340","1T","KRW","unspecified","exchange_product","name_review","source_rule","false","한국 주식선물 · 007340|Product identity requires review (KSE 1T)|KSE|007340|1T|개별주식·바스켓|한국 개별주식","IBKR_MARGIN_20260924","","2026-09-24","","원문 상품명에 불일치 가능성. 잘못된 원문은 기본 검색·분류명에 사용하지 않음."
"ibkr:KSE:1V","한국 주식선물 · 443060","Product identity requires review (KSE 1V)","single_stock","single_stock_korea","","KSE","443060","1V","KRW","unspecified","exchange_product","name_review","source_rule","false","한국 주식선물 · 443060|Product identity requires review (KSE 1V)|KSE|443060|1V|개별주식·바스켓|한국 개별주식","IBKR_MARGIN_20260924","","2026-09-24","","원문 상품명에 불일치 가능성. 잘못된 원문은 기본 검색·분류명에 사용하지 않음."
"ibkr:KSE:1W","한국 주식선물 · 006040","Product identity requires review (KSE 1W)","single_stock","single_stock_korea","","KSE","006040","1W","KRW","unspecified","exchange_product","name_review","source_rule","false","한국 주식선물 · 006040|Product identity requires review (KSE 1W)|KSE|006040|1W|개별주식·바스켓|한국 개별주식","IBKR_MARGIN_20260924","","2026-09-24","","원문 상품명에 불일치 가능성. 잘못된 원문은 기본 검색·분류명에 사용하지 않음."
"ibkr:KSE:1X","한국 주식선물 · 268280","Product identity requires review (KSE 1X)","single_stock","single_stock_korea","","KSE","268280","1X","KRW","unspecified","exchange_product","name_review","source_rule","false","한국 주식선물 · 268280|Product identity requires review (KSE 1X)|KSE|268280|1X|개별주식·바스켓|한국 개별주식","IBKR_MARGIN_20260924","","2026-09-24","","원문 상품명에 불일치 가능성. 잘못된 원문은 기본 검색·분류명에 사용하지 않음."
"ibkr:KSE:1Y","한국 주식선물 · 071320","Product identity requires review (KSE 1Y)","single_stock","single_stock_korea","","KSE","071320","1Y","KRW","unspecified","exchange_product","name_review","source_rule","false","한국 주식선물 · 071320|Product identity requires review (KSE 1Y)|KSE|071320|1Y|개별주식·바스켓|한국 개별주식","IBKR_MARGIN_20260924","","2026-09-24","","원문 상품명에 불일치 가능성. 잘못된 원문은 기본 검색·분류명에 사용하지 않음."
"ibkr:KSE:1Z","한국 주식선물 · 003240","Product identity requires review (KSE 1Z)","single_stock","single_stock_korea","","KSE","003240","1Z","KRW","unspecified","exchange_product","name_review","source_rule","false","한국 주식선물 · 003240|Product identity requires review (KSE 1Z)|KSE|003240|1Z|개별주식·바스켓|한국 개별주식","IBKR_MARGIN_20260924","","2026-09-24","","원문 상품명에 불일치 가능성. 잘못된 원문은 기본 검색·분류명에 사용하지 않음."
"ibkr:KSE:20","한국 주식선물 · 012330","Product identity requires review (KSE 20)","single_stock","single_stock_korea","","KSE","012330","20","KRW","unspecified","exchange_product","name_review","source_rule","false","한국 주식선물 · 012330|Product identity requires review (KSE 20)|KSE|012330|20|개별주식·바스켓|한국 개별주식","IBKR_MARGIN_20260924","","2026-09-24","","원문 상품명에 불일치 가능성. 잘못된 원문은 기본 검색·분류명에 사용하지 않음."
"ibkr:KSE:22","한국 주식선물 · 006400","Product identity requires review (KSE 22)","single_stock","single_stock_korea","","KSE","006400","22","KRW","unspecified","exchange_product","name_review","source_rule","false","한국 주식선물 · 006400|Product identity requires review (KSE 22)|KSE|006400|22|개별주식·바스켓|한국 개별주식","IBKR_MARGIN_20260924","","2026-09-24","","원문 상품명에 불일치 가능성. 잘못된 원문은 기본 검색·분류명에 사용하지 않음."
"ibkr:KSE:23","한국 주식선물 · 009150","Product identity requires review (KSE 23)","single_stock","single_stock_korea","","KSE","009150","23","KRW","unspecified","exchange_product","name_review","source_rule","false","한국 주식선물 · 009150|Product identity requires review (KSE 23)|KSE|009150|23|개별주식·바스켓|한국 개별주식","IBKR_MARGIN_20260924","","2026-09-24","","원문 상품명에 불일치 가능성. 잘못된 원문은 기본 검색·분류명에 사용하지 않음."
"ibkr:KSE:24","한국 주식선물 · 066570","Product identity requires review (KSE 24)","single_stock","single_stock_korea","","KSE","066570","24","KRW","unspecified","exchange_product","name_review","source_rule","false","한국 주식선물 · 066570|Product identity requires review (KSE 24)|KSE|066570|24|개별주식·바스켓|한국 개별주식","IBKR_MARGIN_20260924","","2026-09-24","","원문 상품명에 불일치 가능성. 잘못된 원문은 기본 검색·분류명에 사용하지 않음."
"ibkr:KSE:28","한국 주식선물 · 036460","Product identity requires review (KSE 28)","single_stock","single_stock_korea","","KSE","036460","28","KRW","unspecified","exchange_product","name_review","source_rule","false","한국 주식선물 · 036460|Product identity requires review (KSE 28)|KSE|036460|28|개별주식·바스켓|한국 개별주식","IBKR_MARGIN_20260924","","2026-09-24","","원문 상품명에 불일치 가능성. 잘못된 원문은 기본 검색·분류명에 사용하지 않음."
"ibkr:KSE:2A","한국 주식선물 · 017960","Product identity requires review (KSE 2A)","single_stock","single_stock_korea","","KSE","017960","2A","KRW","unspecified","exchange_product","name_review","source_rule","false","한국 주식선물 · 017960|Product identity requires review (KSE 2A)|KSE|017960|2A|개별주식·바스켓|한국 개별주식","IBKR_MARGIN_20260924","","2026-09-24","","원문 상품명에 불일치 가능성. 잘못된 원문은 기본 검색·분류명에 사용하지 않음."
"ibkr:KSE:2B","한국 주식선물 · 095340","Product identity requires review (KSE 2B)","single_stock","single_stock_korea","","KSE","095340","2B","KRW","unspecified","exchange_product","name_review","source_rule","false","한국 주식선물 · 095340|Product identity requires review (KSE 2B)|KSE|095340|2B|개별주식·바스켓|한국 개별주식","IBKR_MARGIN_20260924","","2026-09-24","","원문 상품명에 불일치 가능성. 잘못된 원문은 기본 검색·분류명에 사용하지 않음."
"ibkr:KSE:2C","한국 주식선물 · 025900","Product identity requires review (KSE 2C)","single_stock","single_stock_korea","","KSE","025900","2C","KRW","unspecified","exchange_product","name_review","source_rule","false","한국 주식선물 · 025900|Product identity requires review (KSE 2C)|KSE|025900|2C|개별주식·바스켓|한국 개별주식","IBKR_MARGIN_20260924","","2026-09-24","","원문 상품명에 불일치 가능성. 잘못된 원문은 기본 검색·분류명에 사용하지 않음."
"ibkr:KSE:2D","한국 주식선물 · 357780","Product identity requires review (KSE 2D)","single_stock","single_stock_korea","","KSE","357780","2D","KRW","unspecified","exchange_product","name_review","source_rule","false","한국 주식선물 · 357780|Product identity requires review (KSE 2D)|KSE|357780|2D|개별주식·바스켓|한국 개별주식","IBKR_MARGIN_20260924","","2026-09-24","","원문 상품명에 불일치 가능성. 잘못된 원문은 기본 검색·분류명에 사용하지 않음."
"ibkr:KSE:2E","한국 주식선물 · 222080","Product identity requires review (KSE 2E)","single_stock","single_stock_korea","","KSE","222080","2E","KRW","unspecified","exchange_product","name_review","source_rule","false","한국 주식선물 · 222080|Product identity requires review (KSE 2E)|KSE|222080|2E|개별주식·바스켓|한국 개별주식","IBKR_MARGIN_20260924","","2026-09-24","","원문 상품명에 불일치 가능성. 잘못된 원문은 기본 검색·분류명에 사용하지 않음."
"ibkr:KSE:2F","한국 주식선물 · 086520","Product identity requires review (KSE 2F)","single_stock","single_stock_korea","","KSE","086520","2F","KRW","unspecified","exchange_product","name_review","source_rule","false","한국 주식선물 · 086520|Product identity requires review (KSE 2F)|KSE|086520|2F|개별주식·바스켓|한국 개별주식","IBKR_MARGIN_20260924","","2026-09-24","","원문 상품명에 불일치 가능성. 잘못된 원문은 기본 검색·분류명에 사용하지 않음."
"ibkr:KSE:2G","한국 주식선물 · 140860","Product identity requires review (KSE 2G)","single_stock","single_stock_korea","","KSE","140860","2G","KRW","unspecified","exchange_product","name_review","source_rule","false","한국 주식선물 · 140860|Product identity requires review (KSE 2G)|KSE|140860|2G|개별주식·바스켓|한국 개별주식","IBKR_MARGIN_20260924","","2026-09-24","","원문 상품명에 불일치 가능성. 잘못된 원문은 기본 검색·분류명에 사용하지 않음."
"ibkr:KSE:2H","한국 주식선물 · 030520","Product identity requires review (KSE 2H)","single_stock","single_stock_korea","","KSE","030520","2H","KRW","unspecified","exchange_product","name_review","source_rule","false","한국 주식선물 · 030520|Product identity requires review (KSE 2H)|KSE|030520|2H|개별주식·바스켓|한국 개별주식","IBKR_MARGIN_20260924","","2026-09-24","","원문 상품명에 불일치 가능성. 잘못된 원문은 기본 검색·분류명에 사용하지 않음."
"ibkr:KSE:32","한국 주식선물 · 004020","Product identity requires review (KSE 32)","single_stock","single_stock_korea","","KSE","004020","32","KRW","unspecified","exchange_product","name_review","source_rule","false","한국 주식선물 · 004020|Product identity requires review (KSE 32)|KSE|004020|32|개별주식·바스켓|한국 개별주식","IBKR_MARGIN_20260924","","2026-09-24","","원문 상품명에 불일치 가능성. 잘못된 원문은 기본 검색·분류명에 사용하지 않음."
"ibkr:KSE:34","한국 주식선물 · 003550","Product identity requires review (KSE 34)","single_stock","single_stock_korea","","KSE","003550","34","KRW","unspecified","exchange_product","name_review","source_rule","false","한국 주식선물 · 003550|Product identity requires review (KSE 34)|KSE|003550|34|개별주식·바스켓|한국 개별주식","IBKR_MARGIN_20260924","","2026-09-24","","원문 상품명에 불일치 가능성. 잘못된 원문은 기본 검색·분류명에 사용하지 않음."
"ibkr:KSE:35","한국 주식선물 · 078930","Product identity requires review (KSE 35)","single_stock","single_stock_korea","","KSE","078930","35","KRW","unspecified","exchange_product","name_review","source_rule","false","한국 주식선물 · 078930|Product identity requires review (KSE 35)|KSE|078930|35|개별주식·바스켓|한국 개별주식","IBKR_MARGIN_20260924","","2026-09-24","","원문 상품명에 불일치 가능성. 잘못된 원문은 기본 검색·분류명에 사용하지 않음."
"ibkr:KSE:36","한국 주식선물 · 033780","Product identity requires review (KSE 36)","single_stock","single_stock_korea","","KSE","033780","36","KRW","unspecified","exchange_product","name_review","source_rule","false","한국 주식선물 · 033780|Product identity requires review (KSE 36)|KSE|033780|36|개별주식·바스켓|한국 개별주식","IBKR_MARGIN_20260924","","2026-09-24","","원문 상품명에 불일치 가능성. 잘못된 원문은 기본 검색·분류명에 사용하지 않음."
"ibkr:KSE:39","한국 주식선물 · 009540","Product identity requires review (KSE 39)","single_stock","single_stock_korea","","KSE","009540","39","KRW","unspecified","exchange_product","name_review","source_rule","false","한국 주식선물 · 009540|Product identity requires review (KSE 39)|KSE|009540|39|개별주식·바스켓|한국 개별주식","IBKR_MARGIN_20260924","","2026-09-24","","원문 상품명에 불일치 가능성. 잘못된 원문은 기본 검색·분류명에 사용하지 않음."
"ibkr:KSE:40","한국 주식선물 · 086790","Product identity requires review (KSE 40)","single_stock","single_stock_korea","","KSE","086790","40","KRW","unspecified","exchange_product","name_review","source_rule","false","한국 주식선물 · 086790|Product identity requires review (KSE 40)|KSE|086790|40|개별주식·바스켓|한국 개별주식","IBKR_MARGIN_20260924","","2026-09-24","","원문 상품명에 불일치 가능성. 잘못된 원문은 기본 검색·분류명에 사용하지 않음."
"ibkr:KSE:41","한국 주식선물 · 096770","Product identity requires review (KSE 41)","single_stock","single_stock_korea","","KSE","096770","41","KRW","unspecified","exchange_product","name_review","source_rule","false","한국 주식선물 · 096770|Product identity requires review (KSE 41)|KSE|096770|41|개별주식·바스켓|한국 개별주식","IBKR_MARGIN_20260924","","2026-09-24","","원문 상품명에 불일치 가능성. 잘못된 원문은 기본 검색·분류명에 사용하지 않음."
"ibkr:KSE:42","한국 주식선물 · 001040","Product identity requires review (KSE 42)","single_stock","single_stock_korea","","KSE","001040","42","KRW","unspecified","exchange_product","name_review","source_rule","false","한국 주식선물 · 001040|Product identity requires review (KSE 42)|KSE|001040|42|개별주식·바스켓|한국 개별주식","IBKR_MARGIN_20260924","","2026-09-24","","원문 상품명에 불일치 가능성. 잘못된 원문은 기본 검색·분류명에 사용하지 않음."
"ibkr:KSE:45","한국 주식선물 · 034220","Product identity requires review (KSE 45)","single_stock","single_stock_korea","","KSE","034220","45","KRW","unspecified","exchange_product","name_review","source_rule","false","한국 주식선물 · 034220|Product identity requires review (KSE 45)|KSE|034220|45|개별주식·바스켓|한국 개별주식","IBKR_MARGIN_20260924","","2026-09-24","","원문 상품명에 불일치 가능성. 잘못된 원문은 기본 검색·분류명에 사용하지 않음."
"ibkr:KSE:46","한국 주식선물 · 105560","Product identity requires review (KSE 46)","single_stock","single_stock_korea","","KSE","105560","46","KRW","unspecified","exchange_product","name_review","source_rule","false","한국 주식선물 · 105560|Product identity requires review (KSE 46)|KSE|105560|46|개별주식·바스켓|한국 개별주식","IBKR_MARGIN_20260924","","2026-09-24","","원문 상품명에 불일치 가능성. 잘못된 원문은 기본 검색·분류명에 사용하지 않음."
"ibkr:KSE:47","한국 주식선물 · 051910","Product identity requires review (KSE 47)","single_stock","single_stock_korea","","KSE","051910","47","KRW","unspecified","exchange_product","name_review","source_rule","false","한국 주식선물 · 051910|Product identity requires review (KSE 47)|KSE|051910|47|개별주식·바스켓|한국 개별주식","IBKR_MARGIN_20260924","","2026-09-24","","원문 상품명에 불일치 가능성. 잘못된 원문은 기본 검색·분류명에 사용하지 않음."
"ibkr:KSE:48","한국 주식선물 · 006800","Product identity requires review (KSE 48)","single_stock","single_stock_korea","","KSE","006800","48","KRW","unspecified","exchange_product","name_review","source_rule","false","한국 주식선물 · 006800|Product identity requires review (KSE 48)|KSE|006800|48|개별주식·바스켓|한국 개별주식","IBKR_MARGIN_20260924","","2026-09-24","","원문 상품명에 불일치 가능성. 잘못된 원문은 기본 검색·분류명에 사용하지 않음."
"ibkr:KSE:50","한국 주식선물 · 000660","Product identity requires review (KSE 50)","single_stock","single_stock_korea","","KSE","000660","50","KRW","unspecified","exchange_product","name_review","source_rule","false","한국 주식선물 · 000660|Product identity requires review (KSE 50)|KSE|000660|50|개별주식·바스켓|한국 개별주식","IBKR_MARGIN_20260924","","2026-09-24","","원문 상품명에 불일치 가능성. 잘못된 원문은 기본 검색·분류명에 사용하지 않음."
"ibkr:KSE:54","한국 주식선물 · 139480","Product identity requires review (KSE 54)","single_stock","single_stock_korea","","KSE","139480","54","KRW","unspecified","exchange_product","name_review","source_rule","false","한국 주식선물 · 139480|Product identity requires review (KSE 54)|KSE|139480|54|개별주식·바스켓|한국 개별주식","IBKR_MARGIN_20260924","","2026-09-24","","원문 상품명에 불일치 가능성. 잘못된 원문은 기본 검색·분류명에 사용하지 않음."
"ibkr:KSE:55","한국 주식선물 · 161390","Product identity requires review (KSE 55)","single_stock","single_stock_korea","","KSE","161390","55","KRW","unspecified","exchange_product","name_review","source_rule","false","한국 주식선물 · 161390|Product identity requires review (KSE 55)|KSE|161390|55|개별주식·바스켓|한국 개별주식","IBKR_MARGIN_20260924","","2026-09-24","","원문 상품명에 불일치 가능성. 잘못된 원문은 기본 검색·분류명에 사용하지 않음."
"ibkr:KSE:56","한국 주식선물 · 035420","Product identity requires review (KSE 56)","single_stock","single_stock_korea","","KSE","035420","56","KRW","unspecified","exchange_product","name_review","source_rule","false","한국 주식선물 · 035420|Product identity requires review (KSE 56)|KSE|035420|56|개별주식·바스켓|한국 개별주식","IBKR_MARGIN_20260924","","2026-09-24","","원문 상품명에 불일치 가능성. 잘못된 원문은 기본 검색·분류명에 사용하지 않음."
"ibkr:KSE:57","한국 주식선물 · 003490","Product identity requires review (KSE 57)","single_stock","single_stock_korea","","KSE","003490","57","KRW","unspecified","exchange_product","name_review","source_rule","false","한국 주식선물 · 003490|Product identity requires review (KSE 57)|KSE|003490|57|개별주식·바스켓|한국 개별주식","IBKR_MARGIN_20260924","","2026-09-24","","원문 상품명에 불일치 가능성. 잘못된 원문은 기본 검색·분류명에 사용하지 않음."
"ibkr:KSE:B0","한국 주식선물 · 032640","Product identity requires review (KSE B0)","single_stock","single_stock_korea","","KSE","032640","B0","KRW","unspecified","exchange_product","name_review","source_rule","false","한국 주식선물 · 032640|Product identity requires review (KSE B0)|KSE|032640|B0|개별주식·바스켓|한국 개별주식","IBKR_MARGIN_20260924","","2026-09-24","","원문 상품명에 불일치 가능성. 잘못된 원문은 기본 검색·분류명에 사용하지 않음."
"ibkr:KSE:B2","한국 주식선물 · 010950","Product identity requires review (KSE B2)","single_stock","single_stock_korea","","KSE","010950","B2","KRW","unspecified","exchange_product","name_review","source_rule","false","한국 주식선물 · 010950|Product identity requires review (KSE B2)|KSE|010950|B2|개별주식·바스켓|한국 개별주식","IBKR_MARGIN_20260924","","2026-09-24","","원문 상품명에 불일치 가능성. 잘못된 원문은 기본 검색·분류명에 사용하지 않음."
"ibkr:KSE:B3","한국 주식선물 · 010130","Product identity requires review (KSE B3)","single_stock","single_stock_korea","","KSE","010130","B3","KRW","unspecified","exchange_product","name_review","source_rule","false","한국 주식선물 · 010130|Product identity requires review (KSE B3)|KSE|010130|B3|개별주식·바스켓|한국 개별주식","IBKR_MARGIN_20260924","","2026-09-24","","원문 상품명에 불일치 가능성. 잘못된 원문은 기본 검색·분류명에 사용하지 않음."
"ibkr:KSE:B4","한국 주식선물 · 024110","Product identity requires review (KSE B4)","single_stock","single_stock_korea","","KSE","024110","B4","KRW","unspecified","exchange_product","name_review","source_rule","false","한국 주식선물 · 024110|Product identity requires review (KSE B4)|KSE|024110|B4|개별주식·바스켓|한국 개별주식","IBKR_MARGIN_20260924","","2026-09-24","","원문 상품명에 불일치 가능성. 잘못된 원문은 기본 검색·분류명에 사용하지 않음."
"ibkr:KSE:B6","한국 주식선물 · 001680","Product identity requires review (KSE B6)","single_stock","single_stock_korea","","KSE","001680","B6","KRW","unspecified","exchange_product","name_review","source_rule","false","한국 주식선물 · 001680|Product identity requires review (KSE B6)|KSE|001680|B6|개별주식·바스켓|한국 개별주식","IBKR_MARGIN_20260924","","2026-09-24","","원문 상품명에 불일치 가능성. 잘못된 원문은 기본 검색·분류명에 사용하지 않음."
"ibkr:KSE:B7","한국 주식선물 · 047050","Product identity requires review (KSE B7)","single_stock","single_stock_korea","","KSE","047050","B7","KRW","unspecified","exchange_product","name_review","source_rule","false","한국 주식선물 · 047050|Product identity requires review (KSE B7)|KSE|047050|B7|개별주식·바스켓|한국 개별주식","IBKR_MARGIN_20260924","","2026-09-24","","원문 상품명에 불일치 가능성. 잘못된 원문은 기본 검색·분류명에 사용하지 않음."
"ibkr:KSE:B9","한국 주식선물 · 034020","Product identity requires review (KSE B9)","single_stock","single_stock_korea","","KSE","034020","B9","KRW","unspecified","exchange_product","name_review","source_rule","false","한국 주식선물 · 034020|Product identity requires review (KSE B9)|KSE|034020|B9|개별주식·바스켓|한국 개별주식","IBKR_MARGIN_20260924","","2026-09-24","","원문 상품명에 불일치 가능성. 잘못된 원문은 기본 검색·분류명에 사용하지 않음."
"ibkr:KSE:BA","한국 주식선물 · 023530","Product identity requires review (KSE BA)","single_stock","single_stock_korea","","KSE","023530","BA","KRW","unspecified","exchange_product","name_review","source_rule","false","한국 주식선물 · 023530|Product identity requires review (KSE BA)|KSE|023530|BA|개별주식·바스켓|한국 개별주식","IBKR_MARGIN_20260924","","2026-09-24","","원문 상품명에 불일치 가능성. 잘못된 원문은 기본 검색·분류명에 사용하지 않음."
"ibkr:KSE:BB","한국 주식선물 · 011170","Product identity requires review (KSE BB)","single_stock","single_stock_korea","","KSE","011170","BB","KRW","unspecified","exchange_product","name_review","source_rule","false","한국 주식선물 · 011170|Product identity requires review (KSE BB)|KSE|011170|BB|개별주식·바스켓|한국 개별주식","IBKR_MARGIN_20260924","","2026-09-24","","원문 상품명에 불일치 가능성. 잘못된 원문은 기본 검색·분류명에 사용하지 않음."
"ibkr:KSE:BD","한국 주식선물 · 032830","Product identity requires review (KSE BD)","single_stock","single_stock_korea","","KSE","032830","BD","KRW","unspecified","exchange_product","name_review","source_rule","false","한국 주식선물 · 032830|Product identity requires review (KSE BD)|KSE|032830|BD|개별주식·바스켓|한국 개별주식","IBKR_MARGIN_20260924","","2026-09-24","","원문 상품명에 불일치 가능성. 잘못된 원문은 기본 검색·분류명에 사용하지 않음."
"ibkr:KSE:BF","한국 주식선물 · 010140","Product identity requires review (KSE BF)","single_stock","single_stock_korea","","KSE","010140","BF","KRW","unspecified","exchange_product","name_review","source_rule","false","한국 주식선물 · 010140|Product identity requires review (KSE BF)|KSE|010140|BF|개별주식·바스켓|한국 개별주식","IBKR_MARGIN_20260924","","2026-09-24","","원문 상품명에 불일치 가능성. 잘못된 원문은 기본 검색·분류명에 사용하지 않음."
"ibkr:KSE:BG","한국 주식선물 · 029780","Product identity requires review (KSE BG)","single_stock","single_stock_korea","","KSE","029780","BG","KRW","unspecified","exchange_product","name_review","source_rule","false","한국 주식선물 · 029780|Product identity requires review (KSE BG)|KSE|029780|BG|개별주식·바스켓|한국 개별주식","IBKR_MARGIN_20260924","","2026-09-24","","원문 상품명에 불일치 가능성. 잘못된 원문은 기본 검색·분류명에 사용하지 않음."
"ibkr:KSE:BH","한국 주식선물 · 012450","Product identity requires review (KSE BH)","single_stock","single_stock_korea","","KSE","012450","BH","KRW","unspecified","exchange_product","name_review","source_rule","false","한국 주식선물 · 012450|Product identity requires review (KSE BH)|KSE|012450|BH|개별주식·바스켓|한국 개별주식","IBKR_MARGIN_20260924","","2026-09-24","","원문 상품명에 불일치 가능성. 잘못된 원문은 기본 검색·분류명에 사용하지 않음."
"ibkr:KSE:BJ","한국 주식선물 · 036570","Product identity requires review (KSE BJ)","single_stock","single_stock_korea","","KSE","036570","BJ","KRW","unspecified","exchange_product","name_review","source_rule","false","한국 주식선물 · 036570|Product identity requires review (KSE BJ)|KSE|036570|BJ|개별주식·바스켓|한국 개별주식","IBKR_MARGIN_20260924","","2026-09-24","","원문 상품명에 불일치 가능성. 잘못된 원문은 기본 검색·분류명에 사용하지 않음."
"ibkr:KSE:BK","한국 주식선물 · 000080","Product identity requires review (KSE BK)","single_stock","single_stock_korea","","KSE","000080","BK","KRW","unspecified","exchange_product","name_review","source_rule","false","한국 주식선물 · 000080|Product identity requires review (KSE BK)|KSE|000080|BK|개별주식·바스켓|한국 개별주식","IBKR_MARGIN_20260924","","2026-09-24","","원문 상품명에 불일치 가능성. 잘못된 원문은 기본 검색·분류명에 사용하지 않음."
"ibkr:KSE:BL","한국 주식선물 · 071050","Product identity requires review (KSE BL)","single_stock","single_stock_korea","","KSE","071050","BL","KRW","unspecified","exchange_product","name_review","source_rule","false","한국 주식선물 · 071050|Product identity requires review (KSE BL)|KSE|071050|BL|개별주식·바스켓|한국 개별주식","IBKR_MARGIN_20260924","","2026-09-24","","원문 상품명에 불일치 가능성. 잘못된 원문은 기본 검색·분류명에 사용하지 않음."
"ibkr:KSE:BM","한국 주식선물 · 047810","Product identity requires review (KSE BM)","single_stock","single_stock_korea","","KSE","047810","BM","KRW","unspecified","exchange_product","name_review","source_rule","false","한국 주식선물 · 047810|Product identity requires review (KSE BM)|KSE|047810|BM|개별주식·바스켓|한국 개별주식","IBKR_MARGIN_20260924","","2026-09-24","","원문 상품명에 불일치 가능성. 잘못된 원문은 기본 검색·분류명에 사용하지 않음."
"ibkr:KSE:BN","한국 주식선물 · 000720","Product identity requires review (KSE BN)","single_stock","single_stock_korea","","KSE","000720","BN","KRW","unspecified","exchange_product","name_review","source_rule","false","한국 주식선물 · 000720|Product identity requires review (KSE BN)|KSE|000720|BN|개별주식·바스켓|한국 개별주식","IBKR_MARGIN_20260924","","2026-09-24","","원문 상품명에 불일치 가능성. 잘못된 원문은 기본 검색·분류명에 사용하지 않음."
"ibkr:KSE:BP","한국 주식선물 · 011210","Product identity requires review (KSE BP)","single_stock","single_stock_korea","","KSE","011210","BP","KRW","unspecified","exchange_product","name_review","source_rule","false","한국 주식선물 · 011210|Product identity requires review (KSE BP)|KSE|011210|BP|개별주식·바스켓|한국 개별주식","IBKR_MARGIN_20260924","","2026-09-24","","원문 상품명에 불일치 가능성. 잘못된 원문은 기본 검색·분류명에 사용하지 않음."
"ibkr:KSE:BQ","한국 주식선물 · 008770","Product identity requires review (KSE BQ)","single_stock","single_stock_korea","","KSE","008770","BQ","KRW","unspecified","exchange_product","name_review","source_rule","false","한국 주식선물 · 008770|Product identity requires review (KSE BQ)|KSE|008770|BQ|개별주식·바스켓|한국 개별주식","IBKR_MARGIN_20260924","","2026-09-24","","원문 상품명에 불일치 가능성. 잘못된 원문은 기본 검색·분류명에 사용하지 않음."
"ibkr:KSE:BS","한국 주식선물 · 035250","Product identity requires review (KSE BS)","single_stock","single_stock_korea","","KSE","035250","BS","KRW","unspecified","exchange_product","name_review","source_rule","false","한국 주식선물 · 035250|Product identity requires review (KSE BS)|KSE|035250|BS|개별주식·바스켓|한국 개별주식","IBKR_MARGIN_20260924","","2026-09-24","","원문 상품명에 불일치 가능성. 잘못된 원문은 기본 검색·분류명에 사용하지 않음."
"ibkr:KSE:BT","한국 주식선물 · 138930","Product identity requires review (KSE BT)","single_stock","single_stock_korea","","KSE","138930","BT","KRW","unspecified","exchange_product","name_review","source_rule","false","한국 주식선물 · 138930|Product identity requires review (KSE BT)|KSE|138930|BT|개별주식·바스켓|한국 개별주식","IBKR_MARGIN_20260924","","2026-09-24","","원문 상품명에 불일치 가능성. 잘못된 원문은 기본 검색·분류명에 사용하지 않음."
"ibkr:KSE:BV","한국 주식선물 · 139130","Product identity requires review (KSE BV)","single_stock","single_stock_korea","","KSE","139130","BV","KRW","unspecified","exchange_product","name_review","source_rule","false","한국 주식선물 · 139130|Product identity requires review (KSE BV)|KSE|139130|BV|개별주식·바스켓|한국 개별주식","IBKR_MARGIN_20260924","","2026-09-24","","원문 상품명에 불일치 가능성. 잘못된 원문은 기본 검색·분류명에 사용하지 않음."
"ibkr:KSE:BY","한국 주식선물 · 011070","Product identity requires review (KSE BY)","single_stock","single_stock_korea","","KSE","011070","BY","KRW","unspecified","exchange_product","name_review","source_rule","false","한국 주식선물 · 011070|Product identity requires review (KSE BY)|KSE|011070|BY|개별주식·바스켓|한국 개별주식","IBKR_MARGIN_20260924","","2026-09-24","","원문 상품명에 불일치 가능성. 잘못된 원문은 기본 검색·분류명에 사용하지 않음."
"ibkr:KSE:BZ","한국 주식선물 · 005940","Product identity requires review (KSE BZ)","single_stock","single_stock_korea","","KSE","005940","BZ","KRW","unspecified","exchange_product","name_review","source_rule","false","한국 주식선물 · 005940|Product identity requires review (KSE BZ)|KSE|005940|BZ|개별주식·바스켓|한국 개별주식","IBKR_MARGIN_20260924","","2026-09-24","","원문 상품명에 불일치 가능성. 잘못된 원문은 기본 검색·분류명에 사용하지 않음."
"ibkr:KSE:C1","한국 주식선물 · 034730","Product identity requires review (KSE C1)","single_stock","single_stock_korea","","KSE","034730","C1","KRW","unspecified","exchange_product","name_review","source_rule","false","한국 주식선물 · 034730|Product identity requires review (KSE C1)|KSE|034730|C1|개별주식·바스켓|한국 개별주식","IBKR_MARGIN_20260924","","2026-09-24","","원문 상품명에 불일치 가능성. 잘못된 원문은 기본 검색·분류명에 사용하지 않음."
"ibkr:KSE:C3","한국 주식선물 · 011780","Product identity requires review (KSE C3)","single_stock","single_stock_korea","","KSE","011780","C3","KRW","unspecified","exchange_product","name_review","source_rule","false","한국 주식선물 · 011780|Product identity requires review (KSE C3)|KSE|011780|C3|개별주식·바스켓|한국 개별주식","IBKR_MARGIN_20260924","","2026-09-24","","원문 상품명에 불일치 가능성. 잘못된 원문은 기본 검색·분류명에 사용하지 않음."
"ibkr:KSE:C5","한국 주식선물 · 018260","Product identity requires review (KSE C5)","single_stock","single_stock_korea","","KSE","018260","C5","KRW","unspecified","exchange_product","name_review","source_rule","false","한국 주식선물 · 018260|Product identity requires review (KSE C5)|KSE|018260|C5|개별주식·바스켓|한국 개별주식","IBKR_MARGIN_20260924","","2026-09-24","","원문 상품명에 불일치 가능성. 잘못된 원문은 기본 검색·분류명에 사용하지 않음."
"ibkr:KSE:C6","한국 주식선물 · 090430","Product identity requires review (KSE C6)","single_stock","single_stock_korea","","KSE","090430","C6","KRW","unspecified","exchange_product","name_review","source_rule","false","한국 주식선물 · 090430|Product identity requires review (KSE C6)|KSE|090430|C6|개별주식·바스켓|한국 개별주식","IBKR_MARGIN_20260924","","2026-09-24","","원문 상품명에 불일치 가능성. 잘못된 원문은 기본 검색·분류명에 사용하지 않음."
"ibkr:KSE:C7","한국 주식선물 · 030000","Product identity requires review (KSE C7)","single_stock","single_stock_korea","","KSE","030000","C7","KRW","unspecified","exchange_product","name_review","source_rule","false","한국 주식선물 · 030000|Product identity requires review (KSE C7)|KSE|030000|C7|개별주식·바스켓|한국 개별주식","IBKR_MARGIN_20260924","","2026-09-24","","원문 상품명에 불일치 가능성. 잘못된 원문은 기본 검색·분류명에 사용하지 않음."
"ibkr:KSE:C8","한국 주식선물 · 028260","Product identity requires review (KSE C8)","single_stock","single_stock_korea","","KSE","028260","C8","KRW","unspecified","exchange_product","name_review","source_rule","false","한국 주식선물 · 028260|Product identity requires review (KSE C8)|KSE|028260|C8|개별주식·바스켓|한국 개별주식","IBKR_MARGIN_20260924","","2026-09-24","","원문 상품명에 불일치 가능성. 잘못된 원문은 기본 검색·분류명에 사용하지 않음."
"ibkr:KSE:C9","한국 주식선물 · 000880","Product identity requires review (KSE C9)","single_stock","single_stock_korea","","KSE","000880","C9","KRW","unspecified","exchange_product","name_review","source_rule","false","한국 주식선물 · 000880|Product identity requires review (KSE C9)|KSE|000880|C9|개별주식·바스켓|한국 개별주식","IBKR_MARGIN_20260924","","2026-09-24","","원문 상품명에 불일치 가능성. 잘못된 원문은 기본 검색·분류명에 사용하지 않음."
"ibkr:KSE:CA","한국 주식선물 · 088350","Product identity requires review (KSE CA)","single_stock","single_stock_korea","","KSE","088350","CA","KRW","unspecified","exchange_product","name_review","source_rule","false","한국 주식선물 · 088350|Product identity requires review (KSE CA)|KSE|088350|CA|개별주식·바스켓|한국 개별주식","IBKR_MARGIN_20260924","","2026-09-24","","원문 상품명에 불일치 가능성. 잘못된 원문은 기본 검색·분류명에 사용하지 않음."
"ibkr:KSE:CC","한국 주식선물 · 086280","Product identity requires review (KSE CC)","single_stock","single_stock_korea","","KSE","086280","CC","KRW","unspecified","exchange_product","name_review","source_rule","false","한국 주식선물 · 086280|Product identity requires review (KSE CC)|KSE|086280|CC|개별주식·바스켓|한국 개별주식","IBKR_MARGIN_20260924","","2026-09-24","","원문 상품명에 불일치 가능성. 잘못된 원문은 기본 검색·분류명에 사용하지 않음."
"ibkr:KSE:CE","한국 주식선물 · 001450","Product identity requires review (KSE CE)","single_stock","single_stock_korea","","KSE","001450","CE","KRW","unspecified","exchange_product","name_review","source_rule","false","한국 주식선물 · 001450|Product identity requires review (KSE CE)|KSE|001450|CE|개별주식·바스켓|한국 개별주식","IBKR_MARGIN_20260924","","2026-09-24","","원문 상품명에 불일치 가능성. 잘못된 원문은 기본 검색·분류명에 사용하지 않음."
"ibkr:KSE:CF","한국 주식선물 · 035720","Product identity requires review (KSE CF)","single_stock","single_stock_korea","","KSE","035720","CF","KRW","unspecified","exchange_product","name_review","source_rule","false","한국 주식선물 · 035720|Product identity requires review (KSE CF)|KSE|035720|CF|개별주식·바스켓|한국 개별주식","IBKR_MARGIN_20260924","","2026-09-24","","원문 상품명에 불일치 가능성. 잘못된 원문은 기본 검색·분류명에 사용하지 않음."
"ibkr:KSE:CK","한국 주식선물 · 069080","Product identity requires review (KSE CK)","single_stock","single_stock_korea","","KSE","069080","CK","KRW","unspecified","exchange_product","name_review","source_rule","false","한국 주식선물 · 069080|Product identity requires review (KSE CK)|KSE|069080|CK|개별주식·바스켓|한국 개별주식","IBKR_MARGIN_20260924","","2026-09-24","","원문 상품명에 불일치 가능성. 잘못된 원문은 기본 검색·분류명에 사용하지 않음."
"ibkr:KSE:CL","한국 주식선물 · 096530","Product identity requires review (KSE CL)","single_stock","single_stock_korea","","KSE","096530","CL","KRW","unspecified","exchange_product","name_review","source_rule","false","한국 주식선물 · 096530|Product identity requires review (KSE CL)|KSE|096530|CL|개별주식·바스켓|한국 개별주식","IBKR_MARGIN_20260924","","2026-09-24","","원문 상품명에 불일치 가능성. 잘못된 원문은 기본 검색·분류명에 사용하지 않음."
"ibkr:KSE:CN","한국 주식선물 · 022100","Product identity requires review (KSE CN)","single_stock","single_stock_korea","","KSE","022100","CN","KRW","unspecified","exchange_product","name_review","source_rule","false","한국 주식선물 · 022100|Product identity requires review (KSE CN)|KSE|022100|CN|개별주식·바스켓|한국 개별주식","IBKR_MARGIN_20260924","","2026-09-24","","원문 상품명에 불일치 가능성. 잘못된 원문은 기본 검색·분류명에 사용하지 않음."
"ibkr:KSE:CP","한국 주식선물 · 068270","Product identity requires review (KSE CP)","single_stock","single_stock_korea","","KSE","068270","CP","KRW","unspecified","exchange_product","name_review","source_rule","false","한국 주식선물 · 068270|Product identity requires review (KSE CP)|KSE|068270|CP|개별주식·바스켓|한국 개별주식","IBKR_MARGIN_20260924","","2026-09-24","","원문 상품명에 불일치 가능성. 잘못된 원문은 기본 검색·분류명에 사용하지 않음."
"ibkr:KSE:CQ","한국 주식선물 · 122870","Product identity requires review (KSE CQ)","single_stock","single_stock_korea","","KSE","122870","CQ","KRW","unspecified","exchange_product","name_review","source_rule","false","한국 주식선물 · 122870|Product identity requires review (KSE CQ)|KSE|122870|CQ|개별주식·바스켓|한국 개별주식","IBKR_MARGIN_20260924","","2026-09-24","","원문 상품명에 불일치 가능성. 잘못된 원문은 기본 검색·분류명에 사용하지 않음."
"ibkr:KSE:CR","한국 주식선물 · 051900","Product identity requires review (KSE CR)","single_stock","single_stock_korea","","KSE","051900","CR","KRW","unspecified","exchange_product","name_review","source_rule","false","한국 주식선물 · 051900|Product identity requires review (KSE CR)|KSE|051900|CR|개별주식·바스켓|한국 개별주식","IBKR_MARGIN_20260924","","2026-09-24","","원문 상품명에 불일치 가능성. 잘못된 원문은 기본 검색·분류명에 사용하지 않음."
"ibkr:KSE:CS","한국 주식선물 · 002790","Product identity requires review (KSE CS)","single_stock","single_stock_korea","","KSE","002790","CS","KRW","unspecified","exchange_product","name_review","source_rule","false","한국 주식선물 · 002790|Product identity requires review (KSE CS)|KSE|002790|CS|개별주식·바스켓|한국 개별주식","IBKR_MARGIN_20260924","","2026-09-24","","원문 상품명에 불일치 가능성. 잘못된 원문은 기본 검색·분류명에 사용하지 않음."
"ibkr:KSE:CT","한국 주식선물 · 000810","Product identity requires review (KSE CT)","single_stock","single_stock_korea","","KSE","000810","CT","KRW","unspecified","exchange_product","name_review","source_rule","false","한국 주식선물 · 000810|Product identity requires review (KSE CT)|KSE|000810|CT|개별주식·바스켓|한국 개별주식","IBKR_MARGIN_20260924","","2026-09-24","","원문 상품명에 불일치 가능성. 잘못된 원문은 기본 검색·분류명에 사용하지 않음."
"ibkr:KSE:CV","한국 주식선물 · 008930","Product identity requires review (KSE CV)","single_stock","single_stock_korea","","KSE","008930","CV","KRW","unspecified","exchange_product","name_review","source_rule","false","한국 주식선물 · 008930|Product identity requires review (KSE CV)|KSE|008930|CV|개별주식·바스켓|한국 개별주식","IBKR_MARGIN_20260924","","2026-09-24","","원문 상품명에 불일치 가능성. 잘못된 원문은 기본 검색·분류명에 사용하지 않음."
"ibkr:KSE:CW","한국 주식선물 · 021240","Product identity requires review (KSE CW)","single_stock","single_stock_korea","","KSE","021240","CW","KRW","unspecified","exchange_product","name_review","source_rule","false","한국 주식선물 · 021240|Product identity requires review (KSE CW)|KSE|021240|CW|개별주식·바스켓|한국 개별주식","IBKR_MARGIN_20260924","","2026-09-24","","원문 상품명에 불일치 가능성. 잘못된 원문은 기본 검색·분류명에 사용하지 않음."
"ibkr:KSE:CX","한국 주식선물 · 128940","Product identity requires review (KSE CX)","single_stock","single_stock_korea","","KSE","128940","CX","KRW","unspecified","exchange_product","name_review","source_rule","false","한국 주식선물 · 128940|Product identity requires review (KSE CX)|KSE|128940|CX|개별주식·바스켓|한국 개별주식","IBKR_MARGIN_20260924","","2026-09-24","","원문 상품명에 불일치 가능성. 잘못된 원문은 기본 검색·분류명에 사용하지 않음."
"ibkr:KSE:CY","한국 주식선물 · 018880","Product identity requires review (KSE CY)","single_stock","single_stock_korea","","KSE","018880","CY","KRW","unspecified","exchange_product","name_review","source_rule","false","한국 주식선물 · 018880|Product identity requires review (KSE CY)|KSE|018880|CY|개별주식·바스켓|한국 개별주식","IBKR_MARGIN_20260924","","2026-09-24","","원문 상품명에 불일치 가능성. 잘못된 원문은 기본 검색·분류명에 사용하지 않음."
"ibkr:KSE:D0","한국 주식선물 · 005830","Product identity requires review (KSE D0)","single_stock","single_stock_korea","","KSE","005830","D0","KRW","unspecified","exchange_product","name_review","source_rule","false","한국 주식선물 · 005830|Product identity requires review (KSE D0)|KSE|005830|D0|개별주식·바스켓|한국 개별주식","IBKR_MARGIN_20260924","","2026-09-24","","원문 상품명에 불일치 가능성. 잘못된 원문은 기본 검색·분류명에 사용하지 않음."
"ibkr:KSE:D1","한국 주식선물 · 097950","Product identity requires review (KSE D1)","single_stock","single_stock_korea","","KSE","097950","D1","KRW","unspecified","exchange_product","name_review","source_rule","false","한국 주식선물 · 097950|Product identity requires review (KSE D1)|KSE|097950|D1|개별주식·바스켓|한국 개별주식","IBKR_MARGIN_20260924","","2026-09-24","","원문 상품명에 불일치 가능성. 잘못된 원문은 기본 검색·분류명에 사용하지 않음."
"ibkr:KSE:D2","한국 주식선물 · 009240","Product identity requires review (KSE D2)","single_stock","single_stock_korea","","KSE","009240","D2","KRW","unspecified","exchange_product","name_review","source_rule","false","한국 주식선물 · 009240|Product identity requires review (KSE D2)|KSE|009240|D2|개별주식·바스켓|한국 개별주식","IBKR_MARGIN_20260924","","2026-09-24","","원문 상품명에 불일치 가능성. 잘못된 원문은 기본 검색·분류명에 사용하지 않음."
"ibkr:KSE:D3","한국 주식선물 · 002380","Product identity requires review (KSE D3)","single_stock","single_stock_korea","","KSE","002380","D3","KRW","unspecified","exchange_product","name_review","source_rule","false","한국 주식선물 · 002380|Product identity requires review (KSE D3)|KSE|002380|D3|개별주식·바스켓|한국 개별주식","IBKR_MARGIN_20260924","","2026-09-24","","원문 상품명에 불일치 가능성. 잘못된 원문은 기본 검색·분류명에 사용하지 않음."
"ibkr:KSE:D5","한국 주식선물 · 012750","Product identity requires review (KSE D5)","single_stock","single_stock_korea","","KSE","012750","D5","KRW","unspecified","exchange_product","name_review","source_rule","false","한국 주식선물 · 012750|Product identity requires review (KSE D5)|KSE|012750|D5|개별주식·바스켓|한국 개별주식","IBKR_MARGIN_20260924","","2026-09-24","","원문 상품명에 불일치 가능성. 잘못된 원문은 기본 검색·분류명에 사용하지 않음."
"ibkr:KSE:D6","한국 주식선물 · 000100","Product identity requires review (KSE D6)","single_stock","single_stock_korea","","KSE","000100","D6","KRW","unspecified","exchange_product","name_review","source_rule","false","한국 주식선물 · 000100|Product identity requires review (KSE D6)|KSE|000100|D6|개별주식·바스켓|한국 개별주식","IBKR_MARGIN_20260924","","2026-09-24","","원문 상품명에 불일치 가능성. 잘못된 원문은 기본 검색·분류명에 사용하지 않음."
"ibkr:KSE:D7","한국 주식선물 · 051600","Product identity requires review (KSE D7)","single_stock","single_stock_korea","","KSE","051600","D7","KRW","unspecified","exchange_product","name_review","source_rule","false","한국 주식선물 · 051600|Product identity requires review (KSE D7)|KSE|051600|D7|개별주식·바스켓|한국 개별주식","IBKR_MARGIN_20260924","","2026-09-24","","원문 상품명에 불일치 가능성. 잘못된 원문은 기본 검색·분류명에 사용하지 않음."
"ibkr:KSE:D8","한국 주식선물 · 069960","Product identity requires review (KSE D8)","single_stock","single_stock_korea","","KSE","069960","D8","KRW","unspecified","exchange_product","name_review","source_rule","false","한국 주식선물 · 069960|Product identity requires review (KSE D8)|KSE|069960|D8|개별주식·바스켓|한국 개별주식","IBKR_MARGIN_20260924","","2026-09-24","","원문 상품명에 불일치 가능성. 잘못된 원문은 기본 검색·분류명에 사용하지 않음."
"ibkr:KSE:DA","한국 주식선물 · 004370","Product identity requires review (KSE DA)","single_stock","single_stock_korea","","KSE","004370","DA","KRW","unspecified","exchange_product","name_review","source_rule","false","한국 주식선물 · 004370|Product identity requires review (KSE DA)|KSE|004370|DA|개별주식·바스켓|한국 개별주식","IBKR_MARGIN_20260924","","2026-09-24","","원문 상품명에 불일치 가능성. 잘못된 원문은 기본 검색·분류명에 사용하지 않음."
"ibkr:KSE:DB","한국 주식선물 · 079550","Product identity requires review (KSE DB)","single_stock","single_stock_korea","","KSE","079550","DB","KRW","unspecified","exchange_product","name_review","source_rule","false","한국 주식선물 · 079550|Product identity requires review (KSE DB)|KSE|079550|DB|개별주식·바스켓|한국 개별주식","IBKR_MARGIN_20260924","","2026-09-24","","원문 상품명에 불일치 가능성. 잘못된 원문은 기본 검색·분류명에 사용하지 않음."
"ibkr:KSE:DC","한국 주식선물 · 204320","Product identity requires review (KSE DC)","single_stock","single_stock_korea","","KSE","204320","DC","KRW","unspecified","exchange_product","name_review","source_rule","false","한국 주식선물 · 204320|Product identity requires review (KSE DC)|KSE|204320|DC|개별주식·바스켓|한국 개별주식","IBKR_MARGIN_20260924","","2026-09-24","","원문 상품명에 불일치 가능성. 잘못된 원문은 기본 검색·분류명에 사용하지 않음."
"ibkr:KSE:DD","한국 주식선물 · 004170","Product identity requires review (KSE DD)","single_stock","single_stock_korea","","KSE","004170","DD","KRW","unspecified","exchange_product","name_review","source_rule","false","한국 주식선물 · 004170|Product identity requires review (KSE DD)|KSE|004170|DD|개별주식·바스켓|한국 개별주식","IBKR_MARGIN_20260924","","2026-09-24","","원문 상품명에 불일치 가능성. 잘못된 원문은 기본 검색·분류명에 사용하지 않음."
"ibkr:KSE:DE","한국 주식선물 · 161890","Product identity requires review (KSE DE)","single_stock","single_stock_korea","","KSE","161890","DE","KRW","unspecified","exchange_product","name_review","source_rule","false","한국 주식선물 · 161890|Product identity requires review (KSE DE)|KSE|161890|DE|개별주식·바스켓|한국 개별주식","IBKR_MARGIN_20260924","","2026-09-24","","원문 상품명에 불일치 가능성. 잘못된 원문은 기본 검색·분류명에 사용하지 않음."
"ibkr:KSE:DG","한국 주식선물 · 111770","Product identity requires review (KSE DG)","single_stock","single_stock_korea","","KSE","111770","DG","KRW","unspecified","exchange_product","name_review","source_rule","false","한국 주식선물 · 111770|Product identity requires review (KSE DG)|KSE|111770|DG|개별주식·바스켓|한국 개별주식","IBKR_MARGIN_20260924","","2026-09-24","","원문 상품명에 불일치 가능성. 잘못된 원문은 기본 검색·분류명에 사용하지 않음."
"ibkr:KSE:DJ","한국 주식선물 · 006650","Product identity requires review (KSE DJ)","single_stock","single_stock_korea","","KSE","006650","DJ","KRW","unspecified","exchange_product","name_review","source_rule","false","한국 주식선물 · 006650|Product identity requires review (KSE DJ)|KSE|006650|DJ|개별주식·바스켓|한국 개별주식","IBKR_MARGIN_20260924","","2026-09-24","","원문 상품명에 불일치 가능성. 잘못된 원문은 기본 검색·분류명에 사용하지 않음."
"ibkr:KSE:DK","한국 주식선물 · 192820","Product identity requires review (KSE DK)","single_stock","single_stock_korea","","KSE","192820","DK","KRW","unspecified","exchange_product","name_review","source_rule","false","한국 주식선물 · 192820|Product identity requires review (KSE DK)|KSE|192820|DK|개별주식·바스켓|한국 개별주식","IBKR_MARGIN_20260924","","2026-09-24","","원문 상품명에 불일치 가능성. 잘못된 원문은 기본 검색·분류명에 사용하지 않음."
"ibkr:KSE:DR","한국 주식선물 · 078340","Product identity requires review (KSE DR)","single_stock","single_stock_korea","","KSE","078340","DR","KRW","unspecified","exchange_product","name_review","source_rule","false","한국 주식선물 · 078340|Product identity requires review (KSE DR)|KSE|078340|DR|개별주식·바스켓|한국 개별주식","IBKR_MARGIN_20260924","","2026-09-24","","원문 상품명에 불일치 가능성. 잘못된 원문은 기본 검색·분류명에 사용하지 않음."
"ibkr:KSE:DT","한국 주식선물 · 035760","Product identity requires review (KSE DT)","single_stock","single_stock_korea","","KSE","035760","DT","KRW","unspecified","exchange_product","name_review","source_rule","false","한국 주식선물 · 035760|Product identity requires review (KSE DT)|KSE|035760|DT|개별주식·바스켓|한국 개별주식","IBKR_MARGIN_20260924","","2026-09-24","","원문 상품명에 불일치 가능성. 잘못된 원문은 기본 검색·분류명에 사용하지 않음."
"ibkr:KSE:DV","한국 주식선물 · 056190","Product identity requires review (KSE DV)","single_stock","single_stock_korea","","KSE","056190","DV","KRW","unspecified","exchange_product","name_review","source_rule","false","한국 주식선물 · 056190|Product identity requires review (KSE DV)|KSE|056190|DV|개별주식·바스켓|한국 개별주식","IBKR_MARGIN_20260924","","2026-09-24","","원문 상품명에 불일치 가능성. 잘못된 원문은 기본 검색·분류명에 사용하지 않음."
"ibkr:KSE:DW","한국 주식선물 · 241560","Product identity requires review (KSE DW)","single_stock","single_stock_korea","","KSE","241560","DW","KRW","unspecified","exchange_product","name_review","source_rule","false","한국 주식선물 · 241560|Product identity requires review (KSE DW)|KSE|241560|DW|개별주식·바스켓|한국 개별주식","IBKR_MARGIN_20260924","","2026-09-24","","원문 상품명에 불일치 가능성. 잘못된 원문은 기본 검색·분류명에 사용하지 않음."
"ibkr:KSE:DY","한국 주식선물 · 017800","Product identity requires review (KSE DY)","single_stock","single_stock_korea","","KSE","017800","DY","KRW","unspecified","exchange_product","name_review","source_rule","false","한국 주식선물 · 017800|Product identity requires review (KSE DY)|KSE|017800|DY|개별주식·바스켓|한국 개별주식","IBKR_MARGIN_20260924","","2026-09-24","","원문 상품명에 불일치 가능성. 잘못된 원문은 기본 검색·분류명에 사용하지 않음."
"ibkr:KSE:E0","한국 주식선물 · 240810","Product identity requires review (KSE E0)","single_stock","single_stock_korea","","KSE","240810","E0","KRW","unspecified","exchange_product","name_review","source_rule","false","한국 주식선물 · 240810|Product identity requires review (KSE E0)|KSE|240810|E0|개별주식·바스켓|한국 개별주식","IBKR_MARGIN_20260924","","2026-09-24","","원문 상품명에 불일치 가능성. 잘못된 원문은 기본 검색·분류명에 사용하지 않음."
"ibkr:KSE:E4","한국 주식선물 · 041510","Product identity requires review (KSE E4)","single_stock","single_stock_korea","","KSE","041510","E4","KRW","unspecified","exchange_product","name_review","source_rule","false","한국 주식선물 · 041510|Product identity requires review (KSE E4)|KSE|041510|E4|개별주식·바스켓|한국 개별주식","IBKR_MARGIN_20260924","","2026-09-24","","원문 상품명에 불일치 가능성. 잘못된 원문은 기본 검색·분류명에 사용하지 않음."
"ibkr:KSE:E5","한국 주식선물 · 251270","Product identity requires review (KSE E5)","single_stock","single_stock_korea","","KSE","251270","E5","KRW","unspecified","exchange_product","name_review","source_rule","false","한국 주식선물 · 251270|Product identity requires review (KSE E5)|KSE|251270|E5|개별주식·바스켓|한국 개별주식","IBKR_MARGIN_20260924","","2026-09-24","","원문 상품명에 불일치 가능성. 잘못된 원문은 기본 검색·분류명에 사용하지 않음."
"ibkr:KSE:E8","한국 주식선물 · 003670","Product identity requires review (KSE E8)","single_stock","single_stock_korea","","KSE","003670","E8","KRW","unspecified","exchange_product","name_review","source_rule","false","한국 주식선물 · 003670|Product identity requires review (KSE E8)|KSE|003670|E8|개별주식·바스켓|한국 개별주식","IBKR_MARGIN_20260924","","2026-09-24","","원문 상품명에 불일치 가능성. 잘못된 원문은 기본 검색·분류명에 사용하지 않음."
"ibkr:KSE:EB","한국 주식선물 · 316140","Product identity requires review (KSE EB)","single_stock","single_stock_korea","","KSE","316140","EB","KRW","unspecified","exchange_product","name_review","source_rule","false","한국 주식선물 · 316140|Product identity requires review (KSE EB)|KSE|316140|EB|개별주식·바스켓|한국 개별주식","IBKR_MARGIN_20260924","","2026-09-24","","원문 상품명에 불일치 가능성. 잘못된 원문은 기본 검색·분류명에 사용하지 않음."
"ibkr:KSE:EE","한국 주식선물 · 009420","Product identity requires review (KSE EE)","single_stock","single_stock_korea","","KSE","009420","EE","KRW","unspecified","exchange_product","name_review","source_rule","false","한국 주식선물 · 009420|Product identity requires review (KSE EE)|KSE|009420|EE|개별주식·바스켓|한국 개별주식","IBKR_MARGIN_20260924","","2026-09-24","","원문 상품명에 불일치 가능성. 잘못된 원문은 기본 검색·분류명에 사용하지 않음."
"ibkr:KSE:EF","한국 주식선물 · 035900","Product identity requires review (KSE EF)","single_stock","single_stock_korea","","KSE","035900","EF","KRW","unspecified","exchange_product","name_review","source_rule","false","한국 주식선물 · 035900|Product identity requires review (KSE EF)|KSE|035900|EF|개별주식·바스켓|한국 개별주식","IBKR_MARGIN_20260924","","2026-09-24","","원문 상품명에 불일치 가능성. 잘못된 원문은 기본 검색·분류명에 사용하지 않음."
"ibkr:KSE:EH","한국 주식선물 · 028670","Product identity requires review (KSE EH)","single_stock","single_stock_korea","","KSE","028670","EH","KRW","unspecified","exchange_product","name_review","source_rule","false","한국 주식선물 · 028670|Product identity requires review (KSE EH)|KSE|028670|EH|개별주식·바스켓|한국 개별주식","IBKR_MARGIN_20260924","","2026-09-24","","원문 상품명에 불일치 가능성. 잘못된 원문은 기본 검색·분류명에 사용하지 않음."
"ibkr:KSE:EJ","한국 주식선물 · 011790","Product identity requires review (KSE EJ)","single_stock","single_stock_korea","","KSE","011790","EJ","KRW","unspecified","exchange_product","name_review","source_rule","false","한국 주식선물 · 011790|Product identity requires review (KSE EJ)|KSE|011790|EJ|개별주식·바스켓|한국 개별주식","IBKR_MARGIN_20260924","","2026-09-24","","원문 상품명에 불일치 가능성. 잘못된 원문은 기본 검색·분류명에 사용하지 않음."
"ibkr:KSE:EL","한국 주식선물 · 093370","Product identity requires review (KSE EL)","single_stock","single_stock_korea","","KSE","093370","EL","KRW","unspecified","exchange_product","name_review","source_rule","false","한국 주식선물 · 093370|Product identity requires review (KSE EL)|KSE|093370|EL|개별주식·바스켓|한국 개별주식","IBKR_MARGIN_20260924","","2026-09-24","","원문 상품명에 불일치 가능성. 잘못된 원문은 기본 검색·분류명에 사용하지 않음."
"ibkr:KSE:ER","한국 주식선물 · 375500","Product identity requires review (KSE ER)","single_stock","single_stock_korea","","KSE","375500","ER","KRW","unspecified","exchange_product","name_review","source_rule","false","한국 주식선물 · 375500|Product identity requires review (KSE ER)|KSE|375500|ER|개별주식·바스켓|한국 개별주식","IBKR_MARGIN_20260924","","2026-09-24","","원문 상품명에 불일치 가능성. 잘못된 원문은 기본 검색·분류명에 사용하지 않음."
"ibkr:KSE:ET","한국 주식선물 · 028050","Product identity requires review (KSE ET)","single_stock","single_stock_korea","","KSE","028050","ET","KRW","unspecified","exchange_product","name_review","source_rule","false","한국 주식선물 · 028050|Product identity requires review (KSE ET)|KSE|028050|ET|개별주식·바스켓|한국 개별주식","IBKR_MARGIN_20260924","","2026-09-24","","원문 상품명에 불일치 가능성. 잘못된 원문은 기본 검색·분류명에 사용하지 않음."
"ibkr:KSE:EV","한국 주식선물 · 272210","Product identity requires review (KSE EV)","single_stock","single_stock_korea","","KSE","272210","EV","KRW","unspecified","exchange_product","name_review","source_rule","false","한국 주식선물 · 272210|Product identity requires review (KSE EV)|KSE|272210|EV|개별주식·바스켓|한국 개별주식","IBKR_MARGIN_20260924","","2026-09-24","","원문 상품명에 불일치 가능성. 잘못된 원문은 기본 검색·분류명에 사용하지 않음."
"ibkr:KSE:EX","한국 주식선물 · 293490","Product identity requires review (KSE EX)","single_stock","single_stock_korea","","KSE","293490","EX","KRW","unspecified","exchange_product","name_review","source_rule","false","한국 주식선물 · 293490|Product identity requires review (KSE EX)|KSE|293490|EX|개별주식·바스켓|한국 개별주식","IBKR_MARGIN_20260924","","2026-09-24","","원문 상품명에 불일치 가능성. 잘못된 원문은 기본 검색·분류명에 사용하지 않음."
"ibkr:KSE:EY","한국 주식선물 · 247540","Product identity requires review (KSE EY)","single_stock","single_stock_korea","","KSE","247540","EY","KRW","unspecified","exchange_product","name_review","source_rule","false","한국 주식선물 · 247540|Product identity requires review (KSE EY)|KSE|247540|EY|개별주식·바스켓|한국 개별주식","IBKR_MARGIN_20260924","","2026-09-24","","원문 상품명에 불일치 가능성. 잘못된 원문은 기본 검색·분류명에 사용하지 않음."
"ibkr:KSE:EZ","한국 주식선물 · 253450","Product identity requires review (KSE EZ)","single_stock","single_stock_korea","","KSE","253450","EZ","KRW","unspecified","exchange_product","name_review","source_rule","false","한국 주식선물 · 253450|Product identity requires review (KSE EZ)|KSE|253450|EZ|개별주식·바스켓|한국 개별주식","IBKR_MARGIN_20260924","","2026-09-24","","원문 상품명에 불일치 가능성. 잘못된 원문은 기본 검색·분류명에 사용하지 않음."
"ibkr:KSE:F2","한국 주식선물 · 036540","Product identity requires review (KSE F2)","single_stock","single_stock_korea","","KSE","036540","F2","KRW","unspecified","exchange_product","name_review","source_rule","false","한국 주식선물 · 036540|Product identity requires review (KSE F2)|KSE|036540|F2|개별주식·바스켓|한국 개별주식","IBKR_MARGIN_20260924","","2026-09-24","","원문 상품명에 불일치 가능성. 잘못된 원문은 기본 검색·분류명에 사용하지 않음."
"ibkr:KSE:F4","한국 주식선물 · 000250","Product identity requires review (KSE F4)","single_stock","single_stock_korea","","KSE","000250","F4","KRW","unspecified","exchange_product","name_review","source_rule","false","한국 주식선물 · 000250|Product identity requires review (KSE F4)|KSE|000250|F4|개별주식·바스켓|한국 개별주식","IBKR_MARGIN_20260924","","2026-09-24","","원문 상품명에 불일치 가능성. 잘못된 원문은 기본 검색·분류명에 사용하지 않음."
"ibkr:KSE:F5","한국 주식선물 · 373220","Product identity requires review (KSE F5)","single_stock","single_stock_korea","","KSE","373220","F5","KRW","unspecified","exchange_product","name_review","source_rule","false","한국 주식선물 · 373220|Product identity requires review (KSE F5)|KSE|373220|F5|개별주식·바스켓|한국 개별주식","IBKR_MARGIN_20260924","","2026-09-24","","원문 상품명에 불일치 가능성. 잘못된 원문은 기본 검색·분류명에 사용하지 않음."
"ibkr:KSE:F6","한국 주식선물 · 323410","Product identity requires review (KSE F6)","single_stock","single_stock_korea","","KSE","323410","F6","KRW","unspecified","exchange_product","name_review","source_rule","false","한국 주식선물 · 323410|Product identity requires review (KSE F6)|KSE|323410|F6|개별주식·바스켓|한국 개별주식","IBKR_MARGIN_20260924","","2026-09-24","","원문 상품명에 불일치 가능성. 잘못된 원문은 기본 검색·분류명에 사용하지 않음."
"ibkr:KSE:F7","한국 주식선물 · 377300","Product identity requires review (KSE F7)","single_stock","single_stock_korea","","KSE","377300","F7","KRW","unspecified","exchange_product","name_review","source_rule","false","한국 주식선물 · 377300|Product identity requires review (KSE F7)|KSE|377300|F7|개별주식·바스켓|한국 개별주식","IBKR_MARGIN_20260924","","2026-09-24","","원문 상품명에 불일치 가능성. 잘못된 원문은 기본 검색·분류명에 사용하지 않음."
"ibkr:KSE:F8","한국 주식선물 · 259960","Product identity requires review (KSE F8)","single_stock","single_stock_korea","","KSE","259960","F8","KRW","unspecified","exchange_product","name_review","source_rule","false","한국 주식선물 · 259960|Product identity requires review (KSE F8)|KSE|259960|F8|개별주식·바스켓|한국 개별주식","IBKR_MARGIN_20260924","","2026-09-24","","원문 상품명에 불일치 가능성. 잘못된 원문은 기본 검색·분류명에 사용하지 않음."
"ibkr:KSE:F9","한국 주식선물 · 302440","Product identity requires review (KSE F9)","single_stock","single_stock_korea","","KSE","302440","F9","KRW","unspecified","exchange_product","name_review","source_rule","false","한국 주식선물 · 302440|Product identity requires review (KSE F9)|KSE|302440|F9|개별주식·바스켓|한국 개별주식","IBKR_MARGIN_20260924","","2026-09-24","","원문 상품명에 불일치 가능성. 잘못된 원문은 기본 검색·분류명에 사용하지 않음."
"ibkr:KSE:FA","한국 주식선물 · 011200","Product identity requires review (KSE FA)","single_stock","single_stock_korea","","KSE","011200","FA","KRW","unspecified","exchange_product","name_review","source_rule","false","한국 주식선물 · 011200|Product identity requires review (KSE FA)|KSE|011200|FA|개별주식·바스켓|한국 개별주식","IBKR_MARGIN_20260924","","2026-09-24","","원문 상품명에 불일치 가능성. 잘못된 원문은 기본 검색·분류명에 사용하지 않음."
"ibkr:KSE:FB","한국 주식선물 · 361610","Product identity requires review (KSE FB)","single_stock","single_stock_korea","","KSE","361610","FB","KRW","unspecified","exchange_product","name_review","source_rule","false","한국 주식선물 · 361610|Product identity requires review (KSE FB)|KSE|361610|FB|개별주식·바스켓|한국 개별주식","IBKR_MARGIN_20260924","","2026-09-24","","원문 상품명에 불일치 가능성. 잘못된 원문은 기본 검색·분류명에 사용하지 않음."
"ibkr:KSE:FC","한국 주식선물 · 352820","Product identity requires review (KSE FC)","single_stock","single_stock_korea","","KSE","352820","FC","KRW","unspecified","exchange_product","name_review","source_rule","false","한국 주식선물 · 352820|Product identity requires review (KSE FC)|KSE|352820|FC|개별주식·바스켓|한국 개별주식","IBKR_MARGIN_20260924","","2026-09-24","","원문 상품명에 불일치 가능성. 잘못된 원문은 기본 검색·분류명에 사용하지 않음."
"ibkr:KSE:FD","한국 주식선물 · 329180","Product identity requires review (KSE FD)","single_stock","single_stock_korea","","KSE","329180","FD","KRW","unspecified","exchange_product","name_review","source_rule","false","한국 주식선물 · 329180|Product identity requires review (KSE FD)|KSE|329180|FD|개별주식·바스켓|한국 개별주식","IBKR_MARGIN_20260924","","2026-09-24","","원문 상품명에 불일치 가능성. 잘못된 원문은 기본 검색·분류명에 사용하지 않음."
"ibkr:KSE:FE","한국 주식선물 · 402340","Product identity requires review (KSE FE)","single_stock","single_stock_korea","","KSE","402340","FE","KRW","unspecified","exchange_product","name_review","source_rule","false","한국 주식선물 · 402340|Product identity requires review (KSE FE)|KSE|402340|FE|개별주식·바스켓|한국 개별주식","IBKR_MARGIN_20260924","","2026-09-24","","원문 상품명에 불일치 가능성. 잘못된 원문은 기본 검색·분류명에 사용하지 않음."
"ibkr:KSE:FF","한국 주식선물 · 326030","Product identity requires review (KSE FF)","single_stock","single_stock_korea","","KSE","326030","FF","KRW","unspecified","exchange_product","name_review","source_rule","false","한국 주식선물 · 326030|Product identity requires review (KSE FF)|KSE|326030|FF|개별주식·바스켓|한국 개별주식","IBKR_MARGIN_20260924","","2026-09-24","","원문 상품명에 불일치 가능성. 잘못된 원문은 기본 검색·분류명에 사용하지 않음."
"ibkr:KSE:FG","한국 주식선물 · 383220","Product identity requires review (KSE FG)","single_stock","single_stock_korea","","KSE","383220","FG","KRW","unspecified","exchange_product","name_review","source_rule","false","한국 주식선물 · 383220|Product identity requires review (KSE FG)|KSE|383220|FG|개별주식·바스켓|한국 개별주식","IBKR_MARGIN_20260924","","2026-09-24","","원문 상품명에 불일치 가능성. 잘못된 원문은 기본 검색·분류명에 사용하지 않음."
"ibkr:KSE:FH","한국 주식선물 · 267250","Product identity requires review (KSE FH)","single_stock","single_stock_korea","","KSE","267250","FH","KRW","unspecified","exchange_product","name_review","source_rule","false","한국 주식선물 · 267250|Product identity requires review (KSE FH)|KSE|267250|FH|개별주식·바스켓|한국 개별주식","IBKR_MARGIN_20260924","","2026-09-24","","원문 상품명에 불일치 가능성. 잘못된 원문은 기본 검색·분류명에 사용하지 않음."
"ibkr:KSE:FJ","한국 주식선물 · 271560","Product identity requires review (KSE FJ)","single_stock","single_stock_korea","","KSE","271560","FJ","KRW","unspecified","exchange_product","name_review","source_rule","false","한국 주식선물 · 271560|Product identity requires review (KSE FJ)|KSE|271560|FJ|개별주식·바스켓|한국 개별주식","IBKR_MARGIN_20260924","","2026-09-24","","원문 상품명에 불일치 가능성. 잘못된 원문은 기본 검색·분류명에 사용하지 않음."
"ibkr:KSE:FK","한국 주식선물 · 138040","Product identity requires review (KSE FK)","single_stock","single_stock_korea","","KSE","138040","FK","KRW","unspecified","exchange_product","name_review","source_rule","false","한국 주식선물 · 138040|Product identity requires review (KSE FK)|KSE|138040|FK|개별주식·바스켓|한국 개별주식","IBKR_MARGIN_20260924","","2026-09-24","","원문 상품명에 불일치 가능성. 잘못된 원문은 기본 검색·분류명에 사용하지 않음."
"ibkr:KSE:FL","한국 주식선물 · 263750","Product identity requires review (KSE FL)","single_stock","single_stock_korea","","KSE","263750","FL","KRW","unspecified","exchange_product","name_review","source_rule","false","한국 주식선물 · 263750|Product identity requires review (KSE FL)|KSE|263750|FL|개별주식·바스켓|한국 개별주식","IBKR_MARGIN_20260924","","2026-09-24","","원문 상품명에 불일치 가능성. 잘못된 원문은 기본 검색·분류명에 사용하지 않음."
"ibkr:KSE:FM","한국 주식선물 · 066970","Product identity requires review (KSE FM)","single_stock","single_stock_korea","","KSE","066970","FM","KRW","unspecified","exchange_product","name_review","source_rule","false","한국 주식선물 · 066970|Product identity requires review (KSE FM)|KSE|066970|FM|개별주식·바스켓|한국 개별주식","IBKR_MARGIN_20260924","","2026-09-24","","원문 상품명에 불일치 가능성. 잘못된 원문은 기본 검색·분류명에 사용하지 않음."
"ibkr:KSE:FN","한국 주식선물 · 112040","Product identity requires review (KSE FN)","single_stock","single_stock_korea","","KSE","112040","FN","KRW","unspecified","exchange_product","name_review","source_rule","false","한국 주식선물 · 112040|Product identity requires review (KSE FN)|KSE|112040|FN|개별주식·바스켓|한국 개별주식","IBKR_MARGIN_20260924","","2026-09-24","","원문 상품명에 불일치 가능성. 잘못된 원문은 기본 검색·분류명에 사용하지 않음."
"ibkr:KSE:FP","한국 주식선물 · 196170","Product identity requires review (KSE FP)","single_stock","single_stock_korea","","KSE","196170","FP","KRW","unspecified","exchange_product","name_review","source_rule","false","한국 주식선물 · 196170|Product identity requires review (KSE FP)|KSE|196170|FP|개별주식·바스켓|한국 개별주식","IBKR_MARGIN_20260924","","2026-09-24","","원문 상품명에 불일치 가능성. 잘못된 원문은 기본 검색·분류명에 사용하지 않음."
"ibkr:KSE:FQ","한국 주식선물 · 058470","Product identity requires review (KSE FQ)","single_stock","single_stock_korea","","KSE","058470","FQ","KRW","unspecified","exchange_product","name_review","source_rule","false","한국 주식선물 · 058470|Product identity requires review (KSE FQ)|KSE|058470|FQ|개별주식·바스켓|한국 개별주식","IBKR_MARGIN_20260924","","2026-09-24","","원문 상품명에 불일치 가능성. 잘못된 원문은 기본 검색·분류명에 사용하지 않음."
"ibkr:KSE:G3","한국 주식선물 · 052690","Product identity requires review (KSE G3)","single_stock","single_stock_korea","","KSE","052690","G3","KRW","unspecified","exchange_product","name_review","source_rule","false","한국 주식선물 · 052690|Product identity requires review (KSE G3)|KSE|052690|G3|개별주식·바스켓|한국 개별주식","IBKR_MARGIN_20260924","","2026-09-24","","원문 상품명에 불일치 가능성. 잘못된 원문은 기본 검색·분류명에 사용하지 않음."
"ibkr:KSE:GT","한국 주식선물 · 000150","Product identity requires review (KSE GT)","single_stock","single_stock_korea","","KSE","000150","GT","KRW","unspecified","exchange_product","name_review","source_rule","false","한국 주식선물 · 000150|Product identity requires review (KSE GT)|KSE|000150|GT|개별주식·바스켓|한국 개별주식","IBKR_MARGIN_20260924","","2026-09-24","","원문 상품명에 불일치 가능성. 잘못된 원문은 기본 검색·분류명에 사용하지 않음."
"ibkr:SGX:YCDD","SGX 개별주식 · YCDD","COMFORTDELGRO CORP LTD","single_stock","single_stock_singapore","","SGX","C52","YCDD","SGD","unspecified","exchange_product","source_listed","source_rule","false","SGX 개별주식 · YCDD|COMFORTDELGRO CORP LTD|SGX|C52|YCDD|개별주식·바스켓|SGX 개별주식","IBKR_MARGIN_20260924","","2026-09-24","",""
"ibkr:SGX:YDBS","SGX 개별주식 · YDBS","DBS GROUP HOLDINGS LTD","single_stock","single_stock_singapore","","SGX","D05","YDBS","SGD","unspecified","exchange_product","source_listed","source_rule","false","SGX 개별주식 · YDBS|DBS GROUP HOLDINGS LTD|SGX|D05|YDBS|개별주식·바스켓|SGX 개별주식","IBKR_MARGIN_20260924","","2026-09-24","",""
"ibkr:SGX:YGEN","SGX 개별주식 · YGEN","GENTING SINGAPORE LTD","single_stock","single_stock_singapore","","SGX","G13","YGEN","SGD","unspecified","exchange_product","source_listed","source_rule","false","SGX 개별주식 · YGEN|GENTING SINGAPORE LTD|SGX|G13|YGEN|개별주식·바스켓|SGX 개별주식","IBKR_MARGIN_20260924","","2026-09-24","",""
"ibkr:SGX:YKEP","SGX 개별주식 · YKEP","KEPPEL LTD","single_stock","single_stock_singapore","","SGX","BN4","YKEP","SGD","unspecified","exchange_product","source_listed","source_rule","false","SGX 개별주식 · YKEP|KEPPEL LTD|SGX|BN4|YKEP|개별주식·바스켓|SGX 개별주식","IBKR_MARGIN_20260924","","2026-09-24","",""
"ibkr:SGX:YOCB","SGX 개별주식 · YOCB","OVERSEA-CHINESE BANKING CORP","single_stock","single_stock_singapore","","SGX","O39","YOCB","SGD","unspecified","exchange_product","source_listed","source_rule","false","SGX 개별주식 · YOCB|OVERSEA-CHINESE BANKING CORP|SGX|O39|YOCB|개별주식·바스켓|SGX 개별주식","IBKR_MARGIN_20260924","","2026-09-24","",""
"ibkr:SGX:YSTT","SGX 개별주식 · YSTT","SINGAPORE TELECOMMUNICATIONS","single_stock","single_stock_singapore","","SGX","Z74","YSTT","SGD","unspecified","exchange_product","source_listed","source_rule","false","SGX 개별주식 · YSTT|SINGAPORE TELECOMMUNICATIONS|SGX|Z74|YSTT|개별주식·바스켓|SGX 개별주식","IBKR_MARGIN_20260924","","2026-09-24","",""
"ibkr:SGX:YTBE","SGX 개별주식 · YTBE","THAI BEVERAGE PCL","single_stock","single_stock_singapore","","SGX","Y92","YTBE","SGD","unspecified","exchange_product","source_listed","source_rule","false","SGX 개별주식 · YTBE|THAI BEVERAGE PCL|SGX|Y92|YTBE|개별주식·바스켓|SGX 개별주식","IBKR_MARGIN_20260924","","2026-09-24","",""
"ibkr:SGX:YUOB","SGX 개별주식 · YUOB","UNITED OVERSEAS BANK LTD","single_stock","single_stock_singapore","","SGX","U11","YUOB","SGD","unspecified","exchange_product","source_listed","source_rule","false","SGX 개별주식 · YUOB|UNITED OVERSEAS BANK LTD|SGX|U11|YUOB|개별주식·바스켓|SGX 개별주식","IBKR_MARGIN_20260924","","2026-09-24","",""
"ibkr:SGX:YWIL","SGX 개별주식 · YWIL","WILMAR INTERNATIONAL LTD","single_stock","single_stock_singapore","","SGX","F34","YWIL","SGD","unspecified","exchange_product","source_listed","source_rule","false","SGX 개별주식 · YWIL|WILMAR INTERNATIONAL LTD|SGX|F34|YWIL|개별주식·바스켓|SGX 개별주식","IBKR_MARGIN_20260924","","2026-09-24","",""
"ibkr:SGX:YYZJ","SGX 개별주식 · YYZJ","YANGZIJIANG SHIPBUILDING","single_stock","single_stock_singapore","","SGX","BS6","YYZJ","SGD","unspecified","exchange_product","source_listed","source_rule","false","SGX 개별주식 · YYZJ|YANGZIJIANG SHIPBUILDING|SGX|BS6|YYZJ|개별주식·바스켓|SGX 개별주식","IBKR_MARGIN_20260924","","2026-09-24","",""
"ibkr:SGX:ZIHF","SGX 개별주식 · ZIHF","SAMMAAN CAPITAL LTD","single_stock","single_stock_singapore","","SGX","SAMMAANCA","ZIHF","USD","unspecified","exchange_product","source_listed","source_rule","false","SGX 개별주식 · ZIHF|SAMMAAN CAPITAL LTD|SGX|SAMMAANCA|ZIHF|개별주식·바스켓|SGX 개별주식","IBKR_MARGIN_20260924","","2026-09-24","",""
"ibkr:SGX:ZZEE","SGX 개별주식 · ZZEE","ZEE ENTERTAINMENT ENTERPRISE","single_stock","single_stock_singapore","","SGX","ZEEL","ZZEE","USD","unspecified","exchange_product","source_listed","source_rule","false","SGX 개별주식 · ZZEE|ZEE ENTERTAINMENT ENTERPRISE|SGX|ZEEL|ZZEE|개별주식·바스켓|SGX 개별주식","IBKR_MARGIN_20260924","","2026-09-24","",""
"ibkr:IDEM:SRG7","기타 개별주식·바스켓 · SRG7","SNAM & ITALGAS BASKET","single_stock","single_stock_other","","IDEM","SRGB","SRG7","EUR","unspecified","exchange_product","source_listed","source_rule","false","기타 개별주식·바스켓 · SRG7|SNAM & ITALGAS BASKET|IDEM|SRGB|SRG7|개별주식·바스켓|기타 개별주식·바스켓","IBKR_MARGIN_20260924","","2026-09-24","",""
"ibkr:ENDEX:ECF","탄소배출권 · ECF","ICE ECX EUA FUTURES","alternatives","alternatives_carbon","","ENDEX","ECF","ECF","EUR","unspecified","exchange_product","source_listed","source_rule","false","탄소배출권 · ECF|ICE ECX EUA FUTURES|ENDEX|ECF|기타 기초자산|탄소배출권","IBKR_MARGIN_20260924","","2026-09-24","",""
"ibkr:CME:BOS","주택가격 지수 · BOS","BOSTON HOUSING INDEX","alternatives","alternatives_housing","","CME","BOS","BOS","USD","unspecified","exchange_product","source_listed","source_rule","false","주택가격 지수 · BOS|BOSTON HOUSING INDEX|CME|BOS|기타 기초자산|주택가격 지수","IBKR_MARGIN_20260924","","2026-09-24","",""
"ibkr:CME:CHI","주택가격 지수 · CHI","CHICAGO HOUSING INDEX","alternatives","alternatives_housing","","CME","CHI","CHI","USD","unspecified","exchange_product","source_listed","source_rule","false","주택가격 지수 · CHI|CHICAGO HOUSING INDEX|CME|CHI|기타 기초자산|주택가격 지수","IBKR_MARGIN_20260924","","2026-09-24","",""
"ibkr:CME:CUS","주택가격 지수 · CUS","HOUSING INDEX COMPOSITE","alternatives","alternatives_housing","","CME","CUS","CUS","USD","unspecified","exchange_product","source_listed","source_rule","false","주택가격 지수 · CUS|HOUSING INDEX COMPOSITE|CME|CUS|기타 기초자산|주택가격 지수","IBKR_MARGIN_20260924","","2026-09-24","",""
"ibkr:CME:DEN","주택가격 지수 · DEN","DENVER HOUSING INDEX","alternatives","alternatives_housing","","CME","DEN","DEN","USD","unspecified","exchange_product","source_listed","source_rule","false","주택가격 지수 · DEN|DENVER HOUSING INDEX|CME|DEN|기타 기초자산|주택가격 지수","IBKR_MARGIN_20260924","","2026-09-24","",""
"ibkr:CME:LAV","주택가격 지수 · LAV","LAS VEGAS HOUSING INDEX","alternatives","alternatives_housing","","CME","LAV","LAV","USD","unspecified","exchange_product","source_listed","source_rule","false","주택가격 지수 · LAV|LAS VEGAS HOUSING INDEX|CME|LAV|기타 기초자산|주택가격 지수","IBKR_MARGIN_20260924","","2026-09-24","",""
"ibkr:CME:LAX","주택가격 지수 · LAX","LOS ANGELES HOUSING INDEX","alternatives","alternatives_housing","","CME","LAX","LAX","USD","unspecified","exchange_product","source_listed","source_rule","false","주택가격 지수 · LAX|LOS ANGELES HOUSING INDEX|CME|LAX|기타 기초자산|주택가격 지수","IBKR_MARGIN_20260924","","2026-09-24","",""
"ibkr:CME:MIA","주택가격 지수 · MIA","MIAMI HOUSING INDEX","alternatives","alternatives_housing","","CME","MIA","MIA","USD","unspecified","exchange_product","source_listed","source_rule","false","주택가격 지수 · MIA|MIAMI HOUSING INDEX|CME|MIA|기타 기초자산|주택가격 지수","IBKR_MARGIN_20260924","","2026-09-24","",""
"ibkr:CME:NYM","주택가격 지수 · NYM","NEW YORK HOUSING INDEX","alternatives","alternatives_housing","","CME","NYM","NYM","USD","unspecified","exchange_product","source_listed","source_rule","false","주택가격 지수 · NYM|NEW YORK HOUSING INDEX|CME|NYM|기타 기초자산|주택가격 지수","IBKR_MARGIN_20260924","","2026-09-24","",""
"ibkr:CME:SDG","주택가격 지수 · SDG","SAN DIEGO HOUSING INDEX","alternatives","alternatives_housing","","CME","SDG","SDG","USD","unspecified","exchange_product","source_listed","source_rule","false","주택가격 지수 · SDG|SAN DIEGO HOUSING INDEX|CME|SDG|기타 기초자산|주택가격 지수","IBKR_MARGIN_20260924","","2026-09-24","",""
"ibkr:CME:SFR","주택가격 지수 · SFR","SAN FRANCISCO HOUSING INDEX","alternatives","alternatives_housing","","CME","SFR","SFR","USD","unspecified","exchange_product","source_listed","source_rule","false","주택가격 지수 · SFR|SAN FRANCISCO HOUSING INDEX|CME|SFR|기타 기초자산|주택가격 지수","IBKR_MARGIN_20260924","","2026-09-24","",""
"ibkr:CME:WDC","주택가격 지수 · WDC","WASHINGTON DC HOUSING INDEX","alternatives","alternatives_housing","","CME","WDC","WDC","USD","unspecified","exchange_product","source_listed","source_rule","false","주택가격 지수 · WDC|WASHINGTON DC HOUSING INDEX|CME|WDC|기타 기초자산|주택가격 지수","IBKR_MARGIN_20260924","","2026-09-24","",""
"ibkr:CBOT:AW","원자재 종합지수 · AW","BLOOMBERG COMMODITY INDEX","alternatives","alternatives_commodity","","CBOT","AIGCI","AW","USD","unspecified","exchange_product","source_listed","source_rule","false","원자재 종합지수 · AW|BLOOMBERG COMMODITY INDEX|CBOT|AIGCI|AW|기타 기초자산|원자재 종합지수","IBKR_MARGIN_20260924","","2026-09-24","",""
"ibkr:CME:GD","원자재 종합지수 · GD","S&P-GSCI INDEX","alternatives","alternatives_commodity","","CME","GSCI","GD","USD","unspecified","exchange_product","source_listed","source_rule","false","원자재 종합지수 · GD|S&P-GSCI INDEX|CME|GSCI|GD|기타 기초자산|원자재 종합지수","IBKR_MARGIN_20260924","","2026-09-24","",""
"ibkr:EUREX:FCCO","원자재 종합지수 · FCCO","DOW JONES-UBS COMMODITY INDEX","alternatives","alternatives_commodity","","EUREX","DJUBS","FCCO","USD","unspecified","exchange_product","source_listed","source_rule","false","원자재 종합지수 · FCCO|DOW JONES-UBS COMMODITY INDEX|EUREX|DJUBS|FCCO|기타 기초자산|원자재 종합지수","IBKR_MARGIN_20260924","","2026-09-24","",""
"ibkr:COINDERIV:ADP","상품명 확인 필요 · COINDERIV ADP","Product identity requires review (COINDERIV ADP)","unclassified","unclassified_review","","COINDERIV","ADP","ADP","USD","unspecified","exchange_product","name_missing","unclassified","false","상품명 확인 필요 · COINDERIV ADP|Product identity requires review (COINDERIV ADP)|COINDERIV|ADP|분류 확인 필요|상품·분류 확인 필요","IBKR_MARGIN_20260924","","2026-09-24","","원자료 상품명 누락. 코드로만 식별."
"ibkr:COINDERIV:AVP","상품명 확인 필요 · COINDERIV AVP","Product identity requires review (COINDERIV AVP)","unclassified","unclassified_review","","COINDERIV","AVP","AVP","USD","unspecified","exchange_product","name_missing","unclassified","false","상품명 확인 필요 · COINDERIV AVP|Product identity requires review (COINDERIV AVP)|COINDERIV|AVP|분류 확인 필요|상품·분류 확인 필요","IBKR_MARGIN_20260924","","2026-09-24","","원자료 상품명 누락. 코드로만 식별."
"ibkr:COINDERIV:BCP","상품명 확인 필요 · COINDERIV BCP","Product identity requires review (COINDERIV BCP)","unclassified","unclassified_review","","COINDERIV","BCP","BCP","USD","unspecified","exchange_product","name_missing","unclassified","false","상품명 확인 필요 · COINDERIV BCP|Product identity requires review (COINDERIV BCP)|COINDERIV|BCP|분류 확인 필요|상품·분류 확인 필요","IBKR_MARGIN_20260924","","2026-09-24","","원자료 상품명 누락. 코드로만 식별."
"ibkr:COINDERIV:DOP","상품명 확인 필요 · COINDERIV DOP","Product identity requires review (COINDERIV DOP)","unclassified","unclassified_review","","COINDERIV","DOP","DOP","USD","unspecified","exchange_product","name_missing","unclassified","false","상품명 확인 필요 · COINDERIV DOP|Product identity requires review (COINDERIV DOP)|COINDERIV|DOP|분류 확인 필요|상품·분류 확인 필요","IBKR_MARGIN_20260924","","2026-09-24","","원자료 상품명 누락. 코드로만 식별."
"ibkr:COINDERIV:ENA","상품명 확인 필요 · COINDERIV ENA","Product identity requires review (COINDERIV ENA)","unclassified","unclassified_review","","COINDERIV","ENA","ENA","USD","unspecified","exchange_product","name_missing","unclassified","false","상품명 확인 필요 · COINDERIV ENA|Product identity requires review (COINDERIV ENA)|COINDERIV|ENA|분류 확인 필요|상품·분류 확인 필요","IBKR_MARGIN_20260924","","2026-09-24","","원자료 상품명 누락. 코드로만 식별."
"ibkr:COINDERIV:GOL","상품명 확인 필요 · COINDERIV GOL","Product identity requires review (COINDERIV GOL)","unclassified","unclassified_review","","COINDERIV","GOL","GOL","USD","unspecified","exchange_product","name_missing","unclassified","false","상품명 확인 필요 · COINDERIV GOL|Product identity requires review (COINDERIV GOL)|COINDERIV|GOL|분류 확인 필요|상품·분류 확인 필요","IBKR_MARGIN_20260924","","2026-09-24","","원자료 상품명 누락. 코드로만 식별."
"ibkr:COINDERIV:HEP","상품명 확인 필요 · COINDERIV HEP","Product identity requires review (COINDERIV HEP)","unclassified","unclassified_review","","COINDERIV","HEP","HEP","USD","unspecified","exchange_product","name_missing","unclassified","false","상품명 확인 필요 · COINDERIV HEP|Product identity requires review (COINDERIV HEP)|COINDERIV|HEP|분류 확인 필요|상품·분류 확인 필요","IBKR_MARGIN_20260924","","2026-09-24","","원자료 상품명 누락. 코드로만 식별."
"ibkr:COINDERIV:HYP","상품명 확인 필요 · COINDERIV HYP","Product identity requires review (COINDERIV HYP)","unclassified","unclassified_review","","COINDERIV","HYP","HYP","USD","unspecified","exchange_product","name_missing","unclassified","false","상품명 확인 필요 · COINDERIV HYP|Product identity requires review (COINDERIV HYP)|COINDERIV|HYP|분류 확인 필요|상품·분류 확인 필요","IBKR_MARGIN_20260924","","2026-09-24","","원자료 상품명 누락. 코드로만 식별."
"ibkr:COINDERIV:LCP","상품명 확인 필요 · COINDERIV LCP","Product identity requires review (COINDERIV LCP)","unclassified","unclassified_review","","COINDERIV","LCP","LCP","USD","unspecified","exchange_product","name_missing","unclassified","false","상품명 확인 필요 · COINDERIV LCP|Product identity requires review (COINDERIV LCP)|COINDERIV|LCP|분류 확인 필요|상품·분류 확인 필요","IBKR_MARGIN_20260924","","2026-09-24","","원자료 상품명 누락. 코드로만 식별."
"ibkr:COINDERIV:LNP","상품명 확인 필요 · COINDERIV LNP","Product identity requires review (COINDERIV LNP)","unclassified","unclassified_review","","COINDERIV","LNP","LNP","USD","unspecified","exchange_product","name_missing","unclassified","false","상품명 확인 필요 · COINDERIV LNP|Product identity requires review (COINDERIV LNP)|COINDERIV|LNP|분류 확인 필요|상품·분류 확인 필요","IBKR_MARGIN_20260924","","2026-09-24","","원자료 상품명 누락. 코드로만 식별."
"ibkr:COINDERIV:NOL","상품명 확인 필요 · COINDERIV NOL","Product identity requires review (COINDERIV NOL)","unclassified","unclassified_review","","COINDERIV","NOL","NOL","USD","unspecified","exchange_product","name_missing","unclassified","false","상품명 확인 필요 · COINDERIV NOL|Product identity requires review (COINDERIV NOL)|COINDERIV|NOL|분류 확인 필요|상품·분류 확인 필요","IBKR_MARGIN_20260924","","2026-09-24","","원자료 상품명 누락. 코드로만 식별."
"ibkr:COINDERIV:OND","상품명 확인 필요 · COINDERIV OND","Product identity requires review (COINDERIV OND)","unclassified","unclassified_review","","COINDERIV","OND","OND","USD","unspecified","exchange_product","name_missing","unclassified","false","상품명 확인 필요 · COINDERIV OND|Product identity requires review (COINDERIV OND)|COINDERIV|OND|분류 확인 필요|상품·분류 확인 필요","IBKR_MARGIN_20260924","","2026-09-24","","원자료 상품명 누락. 코드로만 식별."
"ibkr:COINDERIV:PEP","상품명 확인 필요 · COINDERIV PEP","Product identity requires review (COINDERIV PEP)","unclassified","unclassified_review","","COINDERIV","PEP","PEP","USD","unspecified","exchange_product","name_missing","unclassified","false","상품명 확인 필요 · COINDERIV PEP|Product identity requires review (COINDERIV PEP)|COINDERIV|PEP|분류 확인 필요|상품·분류 확인 필요","IBKR_MARGIN_20260924","","2026-09-24","","원자료 상품명 누락. 코드로만 식별."
"ibkr:COINDERIV:POP","상품명 확인 필요 · COINDERIV POP","Product identity requires review (COINDERIV POP)","unclassified","unclassified_review","","COINDERIV","POP","POP","USD","unspecified","exchange_product","name_missing","unclassified","false","상품명 확인 필요 · COINDERIV POP|Product identity requires review (COINDERIV POP)|COINDERIV|POP|분류 확인 필요|상품·분류 확인 필요","IBKR_MARGIN_20260924","","2026-09-24","","원자료 상품명 누락. 코드로만 식별."
"ibkr:COINDERIV:SHP","상품명 확인 필요 · COINDERIV SHP","Product identity requires review (COINDERIV SHP)","unclassified","unclassified_review","","COINDERIV","SHP","SHP","USD","unspecified","exchange_product","name_missing","unclassified","false","상품명 확인 필요 · COINDERIV SHP|Product identity requires review (COINDERIV SHP)|COINDERIV|SHP|분류 확인 필요|상품·분류 확인 필요","IBKR_MARGIN_20260924","","2026-09-24","","원자료 상품명 누락. 코드로만 식별."
"ibkr:COINDERIV:SLP","상품명 확인 필요 · COINDERIV SLP","Product identity requires review (COINDERIV SLP)","unclassified","unclassified_review","","COINDERIV","SLP","SLP","USD","unspecified","exchange_product","name_missing","unclassified","false","상품명 확인 필요 · COINDERIV SLP|Product identity requires review (COINDERIV SLP)|COINDERIV|SLP|분류 확인 필요|상품·분류 확인 필요","IBKR_MARGIN_20260924","","2026-09-24","","원자료 상품명 누락. 코드로만 식별."
"ibkr:COINDERIV:SLR","상품명 확인 필요 · COINDERIV SLR","Product identity requires review (COINDERIV SLR)","unclassified","unclassified_review","","COINDERIV","SLR","SLR","USD","unspecified","exchange_product","name_missing","unclassified","false","상품명 확인 필요 · COINDERIV SLR|Product identity requires review (COINDERIV SLR)|COINDERIV|SLR|분류 확인 필요|상품·분류 확인 필요","IBKR_MARGIN_20260924","","2026-09-24","","원자료 상품명 누락. 코드로만 식별."
"ibkr:COINDERIV:SUP","상품명 확인 필요 · COINDERIV SUP","Product identity requires review (COINDERIV SUP)","unclassified","unclassified_review","","COINDERIV","SUP","SUP","USD","unspecified","exchange_product","name_missing","unclassified","false","상품명 확인 필요 · COINDERIV SUP|Product identity requires review (COINDERIV SUP)|COINDERIV|SUP|분류 확인 필요|상품·분류 확인 필요","IBKR_MARGIN_20260924","","2026-09-24","","원자료 상품명 누락. 코드로만 식별."
"ibkr:COINDERIV:TEK","상품명 확인 필요 · COINDERIV TEK","Product identity requires review (COINDERIV TEK)","unclassified","unclassified_review","","COINDERIV","TEK","TEK","USD","unspecified","exchange_product","name_missing","unclassified","false","상품명 확인 필요 · COINDERIV TEK|Product identity requires review (COINDERIV TEK)|COINDERIV|TEK|분류 확인 필요|상품·분류 확인 필요","IBKR_MARGIN_20260924","","2026-09-24","","원자료 상품명 누락. 코드로만 식별."
"ibkr:COINDERIV:XLP","상품명 확인 필요 · COINDERIV XLP","Product identity requires review (COINDERIV XLP)","unclassified","unclassified_review","","COINDERIV","XLP","XLP","USD","unspecified","exchange_product","name_missing","unclassified","false","상품명 확인 필요 · COINDERIV XLP|Product identity requires review (COINDERIV XLP)|COINDERIV|XLP|분류 확인 필요|상품·분류 확인 필요","IBKR_MARGIN_20260924","","2026-09-24","","원자료 상품명 누락. 코드로만 식별."
"ibkr:COINDERIV:XPP","상품명 확인 필요 · COINDERIV XPP","Product identity requires review (COINDERIV XPP)","unclassified","unclassified_review","","COINDERIV","XPP","XPP","USD","unspecified","exchange_product","name_missing","unclassified","false","상품명 확인 필요 · COINDERIV XPP|Product identity requires review (COINDERIV XPP)|COINDERIV|XPP|분류 확인 필요|상품·분류 확인 필요","IBKR_MARGIN_20260924","","2026-09-24","","원자료 상품명 누락. 코드로만 식별."
"ibkr:COINDERIV:ZEC","상품명 확인 필요 · COINDERIV ZEC","Product identity requires review (COINDERIV ZEC)","unclassified","unclassified_review","","COINDERIV","ZEC","ZEC","USD","unspecified","exchange_product","name_missing","unclassified","false","상품명 확인 필요 · COINDERIV ZEC|Product identity requires review (COINDERIV ZEC)|COINDERIV|ZEC|분류 확인 필요|상품·분류 확인 필요","IBKR_MARGIN_20260924","","2026-09-24","","원자료 상품명 누락. 코드로만 식별."
"ibkr:HKFE:CBF","상품·분류 확인 필요 · CBF","CGB","unclassified","unclassified_review","","HKFE","CBF","CBF","CNH","unspecified","exchange_product","source_listed","unclassified","false","상품·분류 확인 필요 · CBF|CGB|HKFE|CBF|분류 확인 필요|상품·분류 확인 필요","IBKR_MARGIN_20260924","","2026-09-24","",""
"ibkr:HKFE:CUS","상품명 확인 필요 · HKFE CUS","Product identity requires review (HKFE CUS)","unclassified","unclassified_review","","HKFE","CNH","CUS","CNH","unspecified","exchange_product","name_review","unclassified","false","상품명 확인 필요 · HKFE CUS|Product identity requires review (HKFE CUS)|HKFE|CNH|CUS|분류 확인 필요|상품·분류 확인 필요","IBKR_MARGIN_20260924","","2026-09-24","","원문 상품명에 불일치 가능성. 잘못된 원문은 기본 검색·분류명에 사용하지 않음."
"ibkr:HKFE:MIA","상품명 확인 필요 · HKFE MIA","Product identity requires review (HKFE MIA)","unclassified","unclassified_review","","HKFE","MID.HK","MIA","USD","unspecified","exchange_product","name_review","unclassified","false","상품명 확인 필요 · HKFE MIA|Product identity requires review (HKFE MIA)|HKFE|MID.HK|MIA|분류 확인 필요|상품·분류 확인 필요","IBKR_MARGIN_20260924","","2026-09-24","","원문 상품명에 불일치 가능성. 잘못된 원문은 기본 검색·분류명에 사용하지 않음."
"ibkr:ICEEU:G","상품명 확인 필요 · ICEEU G","Product identity requires review (ICEEU G)","unclassified","unclassified_review","","ICEEU","SG","G","GBP","unspecified","exchange_product","name_review","unclassified","false","상품명 확인 필요 · ICEEU G|Product identity requires review (ICEEU G)|ICEEU|SG|G|분류 확인 필요|상품·분류 확인 필요","IBKR_MARGIN_20260924","","2026-09-24","","원문 상품명에 불일치 가능성. 잘못된 원문은 기본 검색·분류명에 사용하지 않음."
"ibkr:IDEM:MIN","상품명 확인 필요 · IDEM MIN","Product identity requires review (IDEM MIN)","unclassified","unclassified_review","","IDEM","FTMIB","MIN","EUR","unspecified","exchange_product","name_review","unclassified","false","상품명 확인 필요 · IDEM MIN|Product identity requires review (IDEM MIN)|IDEM|FTMIB|MIN|분류 확인 필요|상품·분류 확인 필요","IBKR_MARGIN_20260924","","2026-09-24","","원문 상품명에 불일치 가능성. 잘못된 원문은 기본 검색·분류명에 사용하지 않음."
"ibkr:LMEOTC:ZS","상품명 확인 필요 · LMEOTC ZS","Product identity requires review (LMEOTC ZS)","unclassified","unclassified_review","","LMEOTC","ZSLME","ZS","USD","unspecified","otc_product","name_review","unclassified","false","상품명 확인 필요 · LMEOTC ZS|Product identity requires review (LMEOTC ZS)|LMEOTC|ZSLME|ZS|분류 확인 필요|상품·분류 확인 필요","IBKR_MARGIN_20260924","","2026-09-24","","원문 상품명에 불일치 가능성. 잘못된 원문은 기본 검색·분류명에 사용하지 않음."
"ibkr:MEXDER:DA","상품명 확인 필요 · MEXDER DA","Product identity requires review (MEXDER DA)","unclassified","unclassified_review","","MEXDER","DEUA","DA","MXN","unspecified","exchange_product","name_review","unclassified","false","상품명 확인 필요 · MEXDER DA|Product identity requires review (MEXDER DA)|MEXDER|DEUA|DA|분류 확인 필요|상품·분류 확인 필요","IBKR_MARGIN_20260924","","2026-09-24","","원문 상품명에 불일치 가능성. 잘못된 원문은 기본 검색·분류명에 사용하지 않음."
